Date,SampleID ,Sample,Weight_g,Temperature_C,Notes
4/30/26,PC-225-A1,Dry plug,2.0272,26.022,
4/30/26,PC-225-A2,Dry plug,2.3709,26.022,
4/30/26,PC-225-A3,Dry plug,2.4809,26.022,
4/30/26,PC-225-H1,Dry plug,2.4915,26.022,
4/30/26,PC-225-H2,Dry plug,2.4851,26.022,
4/30/26,PC-225-H3,Dry plug,2.2243,26.022,
4/30/26,PC-226-A1,Dry plug,2.4577,26.022,
4/30/26,PC-226-A2,Dry plug,2.5521,26.022,
4/30/26,PC-226-A3,Dry plug,2.5333,26.022,
4/30/26,PC-226-H1,Dry plug,2.4762,26.022,
4/30/26,PC-226-H2,Dry plug,2.3851,26.022,
4/30/26,PC-226-H3,Dry plug,2.3014,26.022,
4/30/26,PC-233-A1,Dry plug,2.2974,26.022,
4/30/26,PC-233-A2,Dry plug,2.6039,26.022,
4/30/26,PC-233-A3,Dry plug,2.5188,26.022,
4/30/26,PC-233-H1,Dry plug,2.2508,26.022,
4/30/26,PC-233-H2,Dry plug,2.55,26.022,
4/30/26,PC-233-H3,Dry plug,2.6058,26.022,
4/30/26,PC-234-A1,Dry plug,2.429,26.022,
4/30/26,PC-234-A2,Dry plug,2.814,26.022,
4/30/26,PC-234-A3,Dry plug,2.4814,26.022,
4/30/26,PC-234-H1,Dry plug,2.2594,26.022,
4/30/26,PC-234-H2,Dry plug,2.5398,26.022,
4/30/26,PC-234-H3,Dry plug,2.4304,26.022,
4/30/26,PC-235-A1,Dry plug,2.2256,26.022,
4/30/26,PC-235-A2,Dry plug,2.3843,26.022,
4/30/26,PC-235-A3,Dry plug,2.3053,26.022,
4/30/26,PC-235-H1,Dry plug,2.448,26.022,
4/30/26,PC-235-H2,Dry plug,2.3171,26.022,
4/30/26,PC-235-H3,Dry plug,2.2066,26.022,
4/30/26,PC-236-A1,Dry plug,2.339,26.022,
4/30/26,PC-236-A2,Dry plug,2.2734,26.022,
4/30/26,PC-236-A3,Dry plug,2.3358,26.022,
4/30/26,PC-236-H1,Dry plug,2.3227,26.022,
4/30/26,PC-236-H2,Dry plug,2.5195,26.022,
4/30/26,PC-236-H3,Dry plug,2.4064,26.022,
4/30/26,PC-237-A1,Dry plug,2.4245,26.022,
4/30/26,PC-237-A2,Dry plug,2.4093,26.022,
4/30/26,PC-237-A3,Dry plug,2.4728,26.022,
4/30/26,PC-237-H1,Dry plug,2.316,26.022,
4/30/26,PC-237-H2,Dry plug,2.4276,26.022,
4/30/26,PC-237-H3,Dry plug,2.4238,26.022,
4/30/26,PC-238-A1,Dry plug,2.33,26.022,
4/30/26,PC-238-A2,Dry plug,2.3777,26.022,
4/30/26,PC-238-A3,Dry plug,2.315,26.022,
4/30/26,PC-238-H1,Dry plug,2.2722,26.022,
4/30/26,PC-238-H2,Dry plug,2.2835,26.022,
4/30/26,PC-238-H3,Dry plug,2.1929,26.022,
4/30/26,PC-239-A1,Dry plug,2.4432,26.022,
4/30/26,PC-239-A2,Dry plug,2.5591,26.022,
4/30/26,PC-239-A3,Dry plug,2.1066,26.022,
4/30/26,PC-239-H1,Dry plug,2.3875,26.022,
4/30/26,PC-239-H2,Dry plug,2.3286,26.022,
4/30/26,PC-239-H3,Dry plug,2.4664,26.022,
4/30/26,PC-240-A1,Dry plug,2.2425,26.022,
4/30/26,PC-240-A2,Dry plug,2.3052,26.022,
4/30/26,PC-240-A3,Dry plug,2.4455,26.022,
4/30/26,PC-240-H1,Dry plug,2.3788,26.022,
4/30/26,PC-240-H2,Dry plug,2.3149,26.022,
4/30/26,PC-240-H3,Dry plug,2.4222,26.022,
4/30/26,PC-241-A1,Dry plug,2.3724,26.022,
4/30/26,PC-241-A2,Dry plug,2.1706,26.022,
4/30/26,PC-241-A3,Dry plug,2.4789,26.022,
4/30/26,PC-241-H1,Dry plug,2.411,26.022,
4/30/26,PC-241-H2,Dry plug,2.2167,26.022,
4/30/26,PC-241-H3,Dry plug,2.2969,26.022,
4/30/26,PC-242-A1,Dry plug,2.3043,26.022,
4/30/26,PC-242-A2,Dry plug,2.5309,26.022,
4/30/26,PC-242-A3,Dry plug,2.2598,26.022,
4/30/26,PC-242-H1,Dry plug,2.2988,26.022,
4/30/26,PC-242-H2,Dry plug,2.428,26.022,
4/30/26,PC-242-H3,Dry plug,2.331,26.022,
4/30/26,PC-243-A1,Dry plug,2.3669,26.022,
4/30/26,PC-243-A2,Dry plug,2.3505,26.022,
4/30/26,PC-243-A3,Dry plug,2.4795,26.022,
4/30/26,PC-243-H1,Dry plug,2.2263,26.022,
4/30/26,PC-243-H2,Dry plug,2.0864,26.022,
4/30/26,PC-243-H3,Dry plug,2.193,26.022,
4/30/26,PC-244-A1,Dry plug,2.2405,26.022,
4/30/26,PC-244-A2,Dry plug,2.3422,26.022,
4/30/26,PC-244-A3,Dry plug,2.1645,26.022,
4/30/26,PC-244-H1,Dry plug,2.2424,26.022,
4/30/26,PC-244-H2,Dry plug,2.329,26.022,
4/30/26,PC-244-H3,Dry plug,2.5383,26.022,
4/30/26,PC-247-A1,Dry plug,2.578,26.022,
4/30/26,PC-247-A2,Dry plug,2.1836,26.022,
4/30/26,PC-247-A3,Dry plug,2.1439,26.022,
4/30/26,PC-247-H1,Dry plug,2.1356,26.022,
4/30/26,PC-247-H2,Dry plug,2.4633,26.022,
4/30/26,PC-247-H3,Dry plug,2.4795,26.022,
4/30/26,PC-248-A1,Dry plug,2.3914,26.022,
4/30/26,PC-248-A2,Dry plug,2.3555,26.022,
4/30/26,PC-248-A3,Dry plug,2.524,26.022,
4/30/26,PC-248-H1,Dry plug,2.452,26.022,
4/30/26,PC-248-H2,Dry plug,2.4062,26.022,
4/30/26,PC-248-H3,Dry plug,2.2364,26.022,
4/30/26,PC-26-A1,Dry plug,2.6415,26.022,
4/30/26,PC-26-A2,Dry plug,2.3427,26.022,
4/30/26,PC-26-A3,Dry plug,2.3237,26.022,
4/30/26,PC-26-H1,Dry plug,2.4348,26.022,
4/30/26,PC-26-H2,Dry plug,2.3857,26.022,
4/30/26,PC-26-H3,Dry plug,2.5162,26.022,
4/30/26,PC-27-A1,Dry plug,2.4846,26.022,
4/30/26,PC-27-A2,Dry plug,2.2507,26.022,
4/30/26,PC-27-A3,Dry plug,2.8825,26.022,
4/30/26,PC-27-H1,Dry plug,2.3595,26.022,
4/30/26,PC-27-H2,Dry plug,2.3936,26.022,
4/30/26,PC-27-H3,Dry plug,2.0678,26.022,
4/30/26,PC-28-A1,Dry plug,2.3275,26.022,
4/30/26,PC-28-A2,Dry plug,2.1773,26.022,
4/30/26,PC-28-A3,Dry plug,2.2342,26.022,
4/30/26,PC-28-H1,Dry plug,2.459,26.022,
4/30/26,PC-28-H2,Dry plug,2.6715,26.022,
4/30/26,PC-28-H3,Dry plug,2.2645,26.022,
4/30/26,PC-29-A1,Dry plug,2.3364,26.022,
4/30/26,PC-29-A2,Dry plug,2.3085,26.022,
4/30/26,PC-29-A3,Dry plug,2.2922,26.022,
4/30/26,PC-29-H1,Dry plug,2.2287,26.022,
4/30/26,PC-29-H2,Dry plug,2.448,26.022,
4/30/26,PC-29-H3,Dry plug,2.0771,26.022,
4/30/26,PC-41-A1,Dry plug,2.283,26.022,
4/30/26,PC-41-A2,Dry plug,2.6683,26.022,
4/30/26,PC-41-A3,Dry plug,2.5168,26.022,
4/30/26,PC-41-H1,Dry plug,2.5094,26.022,
4/30/26,PC-41-H2,Dry plug,2.5483,26.022,
4/30/26,PC-41-H3,Dry plug,2.435,26.022,
4/30/26,PC-42-A1,Dry plug,2.2719,26.022,
4/30/26,PC-42-A2,Dry plug,2.3529,26.022,
4/30/26,PC-42-A3,Dry plug,2.7153,26.022,
4/30/26,PC-42-H1,Dry plug,2.4893,26.022,
4/30/26,PC-42-H2,Dry plug,2.2433,26.022,
4/30/26,PC-42-H3,Dry plug,2.2241,26.022,
4/30/26,PC-43-A1,Dry plug,2.4182,26.022,
4/30/26,PC-43-A2,Dry plug,2.5644,26.022,
4/30/26,PC-43-A3,Dry plug,2.4424,26.022,
4/30/26,PC-43-H1,Dry plug,2.4154,26.022,
4/30/26,PC-43-H2,Dry plug,2.4064,26.022,
4/30/26,PC-43-H3,Dry plug,2.4918,26.022,
4/30/26,PC-44-A1,Dry plug,2.4957,26.022,
4/30/26,PC-44-A2,Dry plug,2.3352,26.022,
4/30/26,PC-44-A3,Dry plug,2.1659,26.022,
4/30/26,PC-44-H1,Dry plug,2.566,26.022,
4/30/26,PC-44-H2,Dry plug,2.527,26.022,
4/30/26,PC-44-H3,Dry plug,2.3896,26.022,
5/1/26,MC-12-A1,Dry plug,2.4948,25.95,
5/1/26,MC-12-A2,Dry plug,2.6424,25.95,
5/1/26,MC-12-A3,Dry plug,2.5448,25.95,
5/1/26,MC-12-H1,Dry plug,2.3209,25.95,
5/1/26,MC-12-H2,Dry plug,2.5305,25.95,
5/1/26,MC-12-H3,Dry plug,2.463,25.95,
5/1/26,MC-19-A1,Dry plug,2.5235,25.95,
5/1/26,MC-19-A2,Dry plug,2.3171,25.95,
5/1/26,MC-19-A3,Dry plug,2.2982,25.95,
5/1/26,MC-19-H1,Dry plug,2.4965,25.95,
5/1/26,MC-19-H2,Dry plug,2.6372,25.95,
5/1/26,MC-19-H3,Dry plug,2.3123,25.95,
5/1/26,MC-20-A1,Dry plug,2.3974,25.95,
5/1/26,MC-20-A2,Dry plug,2.4172,25.95,
5/1/26,MC-20-A3,Dry plug,2.5759,25.95,
5/1/26,MC-20-H1,Dry plug,2.3967,25.95,
5/1/26,MC-20-H2,Dry plug,2.533,25.95,
5/1/26,MC-20-H3,Dry plug,2.5658,25.95,
5/1/26,MC-202-A1,Dry plug,2.3229,25.95,
5/1/26,MC-202-A2,Dry plug,2.2146,25.95,
5/1/26,MC-202-A3,Dry plug,2.5813,25.95,
5/1/26,MC-202-H1,Dry plug,2.1988,25.95,
5/1/26,MC-202-H2,Dry plug,2.7533,25.95,
5/1/26,MC-202-H3,Dry plug,2.2559,25.95,
5/1/26,MC-203-A1,Dry plug,2.5258,25.95,
5/1/26,MC-203-A2,Dry plug,2.2074,25.95,
5/1/26,MC-203-A3,Dry plug,2.1901,25.95,
5/1/26,MC-203-H1,Dry plug,2.4422,25.95,
5/1/26,MC-203-H2,Dry plug,2.4001,25.95,
5/1/26,MC-203-H3,Dry plug,2.3656,25.95,
5/1/26,MC-204-A1,Dry plug,2.126,25.95,
5/1/26,MC-204-A2,Dry plug,2.3359,25.95,
5/1/26,MC-204-A3,Dry plug,2.3703,25.95,
5/1/26,MC-204-H1,Dry plug,2.7055,25.95,
5/1/26,MC-204-H2,Dry plug,2.5237,25.95,
5/1/26,MC-204-H3,Dry plug,2.39,25.95,
5/1/26,MC-206-A1,Dry plug,2.2596,25.95,
5/1/26,MC-206-A2,Dry plug,2.626,25.95,
5/1/26,MC-206-A3,Dry plug,2.446,25.95,
5/1/26,MC-206-H1,Dry plug,2.5765,25.95,
5/1/26,MC-206-H2,Dry plug,2.2632,25.95,
5/1/26,MC-206-H3,Dry plug,2.5507,25.95,
5/1/26,MC-209-A1,Dry plug,2.4454,25.95,
5/1/26,MC-209-A2,Dry plug,2.5733,25.95,
5/1/26,MC-209-A3,Dry plug,2.4966,25.95,
5/1/26,MC-209-H1,Dry plug,2.1584,25.95,
5/1/26,MC-209-H2,Dry plug,2.593,25.95,
5/1/26,MC-209-H3,Dry plug,2.1397,25.95,
5/1/26,MC-211-A1,Dry plug,2.2486,25.95,
5/1/26,MC-211-A2,Dry plug,2.6717,25.95,
5/1/26,MC-211-A3,Dry plug,2.1288,25.95,
5/1/26,MC-211-H1,Dry plug,2.2299,25.95,
5/1/26,MC-211-H2,Dry plug,2.6393,25.95,
5/1/26,MC-211-H3,Dry plug,2.3749,25.95,
5/1/26,MC-213-A1,Dry plug,2.3553,25.95,
5/1/26,MC-213-A2,Dry plug,2.4796,25.95,
5/1/26,MC-213-A3,Dry plug,2.4544,25.95,
5/1/26,MC-213-H1,Dry plug,2.422,25.95,
5/1/26,MC-213-H2,Dry plug,2.4716,25.95,
5/1/26,MC-213-H3,Dry plug,2.4425,25.95,
5/1/26,MC-214-A1,Dry plug,2.5426,25.95,
5/1/26,MC-214-A2,Dry plug,2.4019,25.95,
5/1/26,MC-214-A3,Dry plug,2.3854,25.95,
5/1/26,MC-214-H1,Dry plug,2.2974,25.95,
5/1/26,MC-214-H2,Dry plug,2.505,25.95,
5/1/26,MC-214-H3,Dry plug,2.3506,25.95,
5/1/26,MC-221-A1,Dry plug,2.6081,25.95,
5/1/26,MC-221-A2,Dry plug,2.2548,25.95,
5/1/26,MC-221-A3,Dry plug,2.4498,25.95,
5/1/26,MC-221-H1,Dry plug,2.2394,25.95,
5/1/26,MC-221-H2,Dry plug,2.4466,25.95,
5/1/26,MC-221-H3,Dry plug,2.2957,25.95,
5/6/26,PC-44-H3,Coral,6.3458,25.86,
5/6/26,PC-44-H2,Coral,5.2262,25.86,
5/6/26,PC-44-H1,Coral,7.3847,25.86,
5/6/26,PC-44-A3,Coral,4.9736,25.86,
5/6/26,PC-44-A2,Coral,5.6428,25.86,
5/6/26,PC-44-A1,Coral,8.2072,25.86,
5/6/26,PC-43-H3,Coral,6.1188,25.86,
5/6/26,PC-43-H2,Coral,4.3184,25.86,
5/6/26,PC-43-H1,Coral,5.8474,25.86,
5/6/26,PC-43-A3,Coral,6.327,25.86,
5/6/26,PC-43-A2,Coral,3.7874,25.86,
5/6/26,PC-43-A1,Coral,4.3559,25.86,
5/6/26,PC-42-H3,Coral,3.7085,25.86,
5/6/26,PC-42-H2,Coral,4.6552,25.86,
5/6/26,PC-42-H1,Coral,3.7487,25.86,
5/6/26,PC-42-A3,Coral,4.065,25.86,
5/6/26,PC-42-A2,Coral,4.2368,25.86,
5/6/26,PC-42-A1,Coral,3.6922,25.86,
5/6/26,PC-41-H3,Coral,3.7949,25.86,
5/6/26,PC-41-H2,Coral,4.935,25.86,
5/6/26,PC-41-H1,Coral,6.0772,25.86,
5/6/26,PC-41-A3,Coral,6.2576,25.86,
5/6/26,PC-41-A2,Coral,5.0412,25.86,
5/6/26,PC-41-A1,Coral,4.7199,25.86,
5/6/26,PC-29-H3,Coral,4.0983,25.86,
5/6/26,PC-29-H2,Coral,3.8857,25.86,
5/6/26,PC-29-H1,Coral,5.1526,25.86,
5/6/26,PC-29-A3,Coral,3.7732,25.86,
5/6/26,PC-29-A2,Coral,4.2612,25.86,
5/6/26,PC-29-A1,Coral,3.3893,25.86,
5/6/26,PC-28-H3,Coral,6.0508,25.86,
5/6/26,PC-28-H2,Coral,4.2538,25.86,
5/6/26,PC-28-H1,Coral,3.9138,25.86,
5/6/26,PC-28-A3,Coral,3.8776,25.86,
5/6/26,PC-28-A2,Coral,4.101,25.86,
5/6/26,PC-28-A1,Coral,3.5274,25.86,
5/6/26,PC-27-H3,Coral,3.3419,25.86,
5/6/26,PC-27-H2,Coral,3.2655,25.86,
5/6/26,PC-27-H1,Coral,3.111,25.86,
5/6/26,PC-27-A3,Coral,3.944,25.86,
5/6/26,PC-27-A2,Coral,3.1535,25.86,
5/6/26,PC-27-A1,Coral,3.5679,25.86,
5/6/26,PC-26-H3,Coral,5.0881,25.86,
5/6/26,PC-26-H2,Coral,7.3214,25.86,
5/6/26,PC-26-H1,Coral,10.6602,25.86,
5/6/26,PC-26-A3,Coral,8.4256,25.86,
5/6/26,PC-26-A2,Coral,5.1557,25.86,
5/6/26,PC-26-A1,Coral,8.4471,25.86,
5/6/26,PC-248-H3,Coral,7.9207,25.86,
5/6/26,PC-248-H2,Coral,5.6214,25.86,
5/6/26,PC-248-H1,Coral,4.7759,25.86,
5/6/26,PC-248-A3,Coral,6.7801,25.86,
5/6/26,PC-248-A2,Coral,5.8738,25.86,
5/6/26,PC-248-A1,Coral,9.2764,25.86,
5/6/26,PC-247-H3,Coral,4.4824,25.86,
5/6/26,PC-247-H2,Coral,3.5189,25.86,
5/6/26,PC-247-H1,Coral,4.82,25.86,
5/6/26,PC-247-A3,Coral,4.3417,25.86,
5/6/26,PC-247-A2,Coral,4.8515,25.86,
5/6/26,PC-247-A1,Coral,5.8066,25.86,
5/6/26,PC-244-H3,Coral,4.0094,25.86,
5/6/26,PC-244-H2,Coral,3.5827,25.86,
5/6/26,PC-244-H1,Coral,4.8055,25.86,
5/6/26,PC-244-A3,Coral,4.1557,25.86,
5/6/26,PC-244-A2,Coral,4.7385,25.86,
5/6/26,PC-244-A1,Coral,5.2217,25.86,
5/6/26,PC-243-H3,Coral,3.3905,25.86,
5/6/26,PC-243-H2,Coral,5.3306,25.86,
5/6/26,PC-243-H1,Coral,5.874,25.86,
5/6/26,PC-243-A3,Coral,5.9012,25.86,
5/6/26,PC-243-A2,Coral,6.0165,25.86,
5/6/26,PC-243-A1,Coral,6.2909,25.86,
5/6/26,PC-242-H3,Coral,4.336,25.86,
5/6/26,PC-242-H2,Coral,5.1242,25.86,
5/6/26,PC-242-H1,Coral,4.4311,25.86,
5/6/26,PC-242-A3,Coral,6.503,25.86,
5/6/26,PC-242-A2,Coral,4.9193,25.86,
5/6/26,PC-242-A1,Coral,6.1696,25.86,
5/6/26,PC-241-H3,Coral,4.3846,25.86,
5/6/26,PC-241-H2,Coral,3.522,25.86,
5/6/26,PC-241-H1,Coral,4.2485,25.86,
5/6/26,PC-241-A3,Coral,3.8951,25.86,
5/6/26,PC-241-A2,Coral,4.4732,25.86,
5/6/26,PC-241-A1,Coral,3.4109,25.86,
5/6/26,PC-240-H3,Coral,5.3046,25.86,
5/6/26,PC-240-H2,Coral,5.3217,25.86,
5/6/26,PC-240-H1,Coral,4.7101,25.86,
5/6/26,PC-240-A3,Coral,4.0364,25.86,
5/6/26,PC-240-A2,Coral,4.0972,25.86,
5/6/26,PC-240-A1,Coral,4.7243,25.86,
5/6/26,PC-239-H3,Coral,4.1551,25.86,
5/6/26,PC-239-H2,Coral,4.7499,25.86,
5/6/26,PC-239-H1,Coral,7.2687,25.86,
5/6/26,PC-239-A3,Coral,5.9722,25.86,
5/6/26,PC-239-A2,Coral,6.0348,25.86,
5/6/26,PC-239-A1,Coral,3.536,25.86,
5/6/26,PC-238-H3,Coral,6.2602,25.86,
5/6/26,PC-238-H2,Coral,3.9377,25.86,
5/6/26,PC-238-H1,Coral,3.8324,25.86,
5/6/26,PC-238-A3,Coral,3.246,25.86,
5/6/26,PC-238-A2,Coral,0,25.86,
5/6/26,PC-238-A1,Coral,6.6251,25.86,
5/6/26,PC-237-H3,Coral,3.9981,25.86,
5/6/26,PC-237-H2,Coral,3.5739,25.86,
5/6/26,PC-237-H1,Coral,4.8621,25.86,
5/6/26,PC-237-A3,Coral,4.6435,25.86,
5/6/26,PC-237-A2,Coral,3.819,25.86,
5/6/26,PC-237-A1,Coral,4.1905,25.86,
5/6/26,PC-236-H3,Coral,5.7699,25.86,
5/6/26,PC-236-H2,Coral,5.385,25.86,
5/6/26,PC-236-H1,Coral,4.7502,25.86,
5/6/26,PC-236-A3,Coral,6.209,25.86,
5/6/26,PC-236-A2,Coral,4.144,25.86,
5/6/26,PC-236-A1,Coral,5.0337,25.86,
5/6/26,PC-235-H3,Coral,6.2024,25.86,
5/6/26,PC-235-H2,Coral,3.8547,25.86,
5/6/26,PC-235-H1,Coral,4.7956,25.86,
5/6/26,PC-235-A3,Coral,5.8999,25.86,
5/6/26,PC-235-A2,Coral,5.6566,25.86,
5/6/26,PC-235-A1,Coral,3.3055,25.86,
5/6/26,PC-234-H3,Coral,3.7234,25.86,
5/6/26,PC-234-H2,Coral,3.8761,25.86,
5/6/26,PC-234-H1,Coral,3.5365,25.86,
5/6/26,PC-234-A3,Coral,3.9951,25.86,
5/6/26,PC-234-A2,Coral,3.9541,25.86,
5/6/26,PC-234-A1,Coral,3.6395,25.86,
5/6/26,PC-233-H3,Coral,4.0105,25.86,
5/6/26,PC-233-H2,Coral,4.1294,25.86,
5/6/26,PC-233-H1,Coral,6.1569,25.86,
5/6/26,PC-233-A3,Coral,4.2544,25.86,
5/6/26,PC-233-A2,Coral,6.957,25.86,
5/6/26,PC-233-A1,Coral,4.5877,25.86,
5/6/26,PC-226-H3,Coral,4.5917,25.86,
5/6/26,PC-226-H2,Coral,5.5602,25.86,
5/6/26,PC-226-H1,Coral,6.7304,25.86,
5/6/26,PC-226-A3,Coral,9.4855,25.86,
5/6/26,PC-226-A2,Coral,4.7544,25.86,
5/6/26,PC-226-A1,Coral,4.4949,25.86,
5/6/26,PC-225-H3,Coral,4.4619,25.86,
5/6/26,PC-225-H2,Coral,3.9669,25.86,
5/6/26,PC-225-H1,Coral,3.2324,25.86,
5/6/26,PC-225-A3,Coral,6.0777,25.86,
5/6/26,PC-225-A2,Coral,4.11,25.86,
5/6/26,PC-225-A1,Coral,3.1926,25.86,
5/6/26,MC-221-H3,Coral,4.5763,25.86,
5/6/26,MC-221-H2,Coral,5.2409,25.86,
5/6/26,MC-221-H1,Coral,5.2643,25.86,
5/6/26,MC-221-A3,Coral,4.4329,25.86,
5/6/26,MC-221-A2,Coral,4.0169,25.86,
5/6/26,MC-221-A1,Coral,4.3055,25.86,
5/6/26,MC-214-H3,Coral,3.2283,25.86,
5/6/26,MC-214-H2,Coral,4.9699,25.86,
5/6/26,MC-214-H1,Coral,3.5669,25.86,
5/6/26,MC-214-A3,Coral,3.7576,25.86,
5/6/26,MC-214-A2,Coral,3.4974,25.86,
5/6/26,MC-214-A1,Coral,3.9528,25.86,
5/6/26,MC-213-H3,Coral,4.4752,25.86,
5/6/26,MC-213-H2,Coral,4.474,25.86,
5/6/26,MC-213-H1,Coral,3.9936,25.86,
5/6/26,MC-213-A3,Coral,3.8884,25.86,
5/6/26,MC-213-A2,Coral,4.7699,25.86,
5/6/26,MC-213-A1,Coral,3.8535,25.86,
5/6/26,MC-211-H3,Coral,3.8575,25.86,
5/6/26,MC-211-H2,Coral,3.7479,25.86,
5/6/26,MC-211-H1,Coral,3.8206,25.86,
5/6/26,MC-211-A3,Coral,2.9821,25.86,
5/6/26,MC-211-A2,Coral,5.7005,25.86,
5/6/26,MC-211-A1,Coral,4.5451,25.86,
5/6/26,MC-209-H3,Coral,4.7386,25.86,
5/6/26,MC-209-H2,Coral,4.6884,25.86,
5/6/26,MC-209-H1,Coral,5.7486,25.86,
5/6/26,MC-209-A3,Coral,5.1404,25.86,
5/6/26,MC-209-A2,Coral,3.3798,25.86,
5/6/26,MC-209-A1,Coral,4.235,25.86,
5/6/26,MC-206-H3,Coral,3.8116,25.86,
5/6/26,MC-206-H2,Coral,4.0657,25.86,
5/6/26,MC-206-H1,Coral,4.4245,25.86,
5/6/26,MC-206-A3,Coral,3.6443,25.86,
5/6/26,MC-206-A2,Coral,3.4317,25.86,
5/6/26,MC-206-A1,Coral,3.4402,25.86,
5/6/26,MC-204-H3,Coral,4.1932,25.86,
5/6/26,MC-204-H2,Coral,4.6263,25.86,
5/6/26,MC-204-H1,Coral,3.6114,25.86,
5/6/26,MC-204-A3,Coral,4.802,25.86,
5/6/26,MC-204-A2,Coral,5.3387,25.86,
5/6/26,MC-204-A1,Coral,3.9333,25.86,
5/6/26,MC-203-H3,Coral,3.4505,25.86,
5/6/26,MC-203-H2,Coral,4.7524,25.86,
5/6/26,MC-203-H1,Coral,3.6114,25.86,
5/6/26,MC-203-A3,Coral,3.7917,25.86,
5/6/26,MC-203-A2,Coral,3.9054,25.86,
5/6/26,MC-203-A1,Coral,4.125,25.86,
5/6/26,MC-202-H3,Coral,5.9175,25.86,
5/6/26,MC-202-H2,Coral,4.5551,25.86,
5/6/26,MC-202-H1,Coral,4.0941,25.86,
5/6/26,MC-202-A3,Coral,4.9329,25.86,
5/6/26,MC-202-A2,Coral,5.0124,25.86,
5/6/26,MC-202-A1,Coral,3.9701,25.86,
5/6/26,MC-20-H3,Coral,5.2417,25.86,
5/6/26,MC-20-H2,Coral,5.7649,25.86,
5/6/26,MC-20-H1,Coral,5.9111,25.86,
5/6/26,MC-20-A3,Coral,4.7618,25.86,
5/6/26,MC-20-A2,Coral,4.2182,25.86,
5/6/26,MC-20-A1,Coral,4.6345,25.86,
5/6/26,MC-19-H3,Coral,3.7401,25.86,
5/6/26,MC-19-H2,Coral,4.2044,25.86,
5/6/26,MC-19-H1,Coral,4.495,25.86,
5/6/26,MC-19-A3,Coral,3.1543,25.86,
5/6/26,MC-19-A2,Coral,3.3582,25.86,
5/6/26,MC-19-A1,Coral,4.977,25.86,
5/6/26,MC-12-H3,Coral,5.4176,25.86,
5/6/26,MC-12-H2,Coral,4.711,25.86,
5/6/26,MC-12-H1,Coral,4.7468,25.86,
5/6/26,MC-12-A3,Coral,4.1373,25.86,
5/6/26,MC-12-A2,Coral,4.3024,25.86,
5/6/26,MC-12-A1,Coral,4.8737,25.86,
5/10/26,MC-12-A1,Coral,4.9304,26.71,
5/10/26,MC-12-A2,Coral,4.3357,26.45,
5/10/26,MC-12-A3,Coral,4.1769,26.93,
5/10/26,MC-12-H1,Coral,4.7719,31.11,
5/10/26,MC-12-H2,Coral,4.7344,31.08,
5/10/26,MC-12-H3,Coral,5.4941,31.04,
5/10/26,MC-19-A1,Coral,5.0263,26.71,
5/10/26,MC-19-A2,Coral,3.4312,26.45,
5/10/26,MC-19-A3,Coral,3.1735,26.93,
5/10/26,MC-19-H1,Coral,4.5352,31.11,
5/10/26,MC-19-H2,Coral,4.1089,31.08,
5/10/26,MC-19-H3,Coral,3.7583,31.04,
5/10/26,MC-20-A1,Coral,4.6583,26.71,
5/10/26,MC-20-A2,Coral,4.2495,26.45,
5/10/26,MC-20-A3,Coral,4.7976,26.93,
5/10/26,MC-20-H1,Coral,5.991,31.11,
5/10/26,MC-20-H2,Coral,5.7395,31.08,
5/10/26,MC-20-H3,Coral,5.2886,31.04,
5/10/26,MC-202-A1,Coral,3.9719,26.71,
5/10/26,MC-202-A2,Coral,4.5574,26.45,
5/10/26,MC-202-A3,Coral,4.9427,26.93,
5/10/26,MC-202-H1,Coral,4.1181,31.11,
5/10/26,MC-202-H2,Coral,4.5329,31.08,
5/10/26,MC-202-H3,Coral,5.8958,31.04,
5/10/26,MC-203-A1,Coral,4.1743,26.71,
5/10/26,MC-203-A2,Coral,3.9538,26.45,
5/10/26,MC-203-A3,Coral,3.7637,26.93,
5/10/26,MC-203-H1,Coral,3.6555,31.11,
5/10/26,MC-203-H2,Coral,4.767,31.08,
5/10/26,MC-203-H3,Coral,3.4357,31.04,
5/10/26,MC-204-A1,Coral,3.9645,26.71,
5/10/26,MC-204-A2,Coral,5.4314,26.45,
5/10/26,MC-204-A3,Coral,4.7187,26.93,
5/10/26,MC-204-H1,Coral,3.6669,31.11,
5/10/26,MC-204-H2,Coral,4.6745,31.08,
5/10/26,MC-204-H3,Coral,4.2679,31.04,
5/10/26,MC-206-A1,Coral,3.5018,26.71,
5/10/26,MC-206-A2,Coral,3.4933,26.45,
5/10/26,MC-206-A3,Coral,3.7026,26.93,
5/10/26,MC-206-H1,Coral,4.4544,31.11,
5/10/26,MC-206-H2,Coral,4.1317,31.08,
5/10/26,MC-206-H3,Coral,3.8642,31.04,
5/10/26,MC-209-A1,Coral,4.2997,26.71,
5/10/26,MC-209-A2,Coral,3.4279,26.45,
5/10/26,MC-209-A3,Coral,5.2352,26.93,
5/10/26,MC-209-H1,Coral,5.8312,31.11,
5/10/26,MC-209-H2,Coral,4.707,31.08,
5/10/26,MC-209-H3,Coral,4.7745,31.04,
5/10/26,MC-211-A1,Coral,4.5645,26.71,
5/10/26,MC-211-A2,Coral,5.7879,26.45,
5/10/26,MC-211-A3,Coral,3.0052,26.93,
5/10/26,MC-211-H1,Coral,3.8851,31.11,
5/10/26,MC-211-H2,Coral,4.0387,31.08,
5/10/26,MC-211-H3,Coral,3.8893,31.04,
5/10/26,MC-213-A1,Coral,3.9226,26.71,
5/10/26,MC-213-A2,Coral,4.7797,26.45,
5/10/26,MC-213-A3,Coral,3.9531,26.93,
5/10/26,MC-213-H1,Coral,3.9908,31.11,
5/10/26,MC-213-H2,Coral,4.8677,31.08,
5/10/26,MC-213-H3,Coral,4.5244,31.04,
5/10/26,MC-214-A1,Coral,4.0248,26.71,
5/10/26,MC-214-A2,Coral,3.53,26.45,
5/10/26,MC-214-A3,Coral,3.7926,26.93,
5/10/26,MC-214-H1,Coral,3.7534,31.11,
5/10/26,MC-214-H2,Coral,5.0287,31.08,
5/10/26,MC-214-H3,Coral,3.2446,31.04,
5/10/26,MC-221-A1,Coral,4.3813,26.71,
5/10/26,MC-221-A2,Coral,5.2452,26.45,
5/10/26,MC-221-A3,Coral,4.5321,26.93,
5/10/26,MC-221-H1,Coral,5.3499,31.11,
5/10/26,MC-221-H2,Coral,3.8262,31.08,
5/10/26,MC-221-H3,Coral,4.6657,31.04,
5/10/26,PC-225-A1,Coral,3.2478,26.71,
5/10/26,PC-225-A2,Coral,4.1954,26.45,
5/10/26,PC-225-A3,Coral,4.4987,26.93,
5/10/26,PC-225-H1,Coral,3.2178,31.11,
5/10/26,PC-225-H2,Coral,4.0499,31.08,
5/10/26,PC-225-H3,Coral,4.5481,31.04,
5/10/26,PC-226-A1,Coral,4.5486,26.71,
5/10/26,PC-226-A2,Coral,4.8592,26.45,
5/10/26,PC-226-A3,Coral,5.5965,26.93,
5/10/26,PC-226-H1,Coral,4.7278,31.11,
5/10/26,PC-226-H2,Coral,5.5852,31.08,
5/10/26,PC-226-H3,Coral,4.6382,31.04,
5/10/26,PC-233-A1,Coral,4.7294,26.71,
5/10/26,PC-233-A2,Coral,7.0727,26.45,
5/10/26,PC-233-A3,Coral,4.3287,26.93,
5/10/26,PC-233-H1,Coral,6.213,31.11,
5/10/26,PC-233-H2,Coral,4.0906,31.08,
5/10/26,PC-233-H3,Coral,4.0024,31.04,
5/10/26,PC-234-A1,Coral,3.7039,26.71,
5/10/26,PC-234-A2,Coral,4.0665,26.45,
5/10/26,PC-234-A3,Coral,4.0386,26.93,
5/10/26,PC-234-H1,Coral,3.5546,31.11,
5/10/26,PC-234-H2,Coral,3.9485,31.08,
5/10/26,PC-234-H3,Coral,3.7898,31.04,
5/10/26,PC-235-A1,Coral,3.3961,26.71,
5/10/26,PC-235-A2,Coral,5.7765,26.45,
5/10/26,PC-235-A3,Coral,6.0325,26.93,
5/10/26,PC-235-H1,Coral,4.8773,31.11,
5/10/26,PC-235-H2,Coral,3.8803,31.08,
5/10/26,PC-235-H3,Coral,6.2858,31.04,
5/10/26,PC-236-A1,Coral,5.1445,26.71,
5/10/26,PC-236-A2,Coral,4.234,26.45,
5/10/26,PC-236-A3,Coral,6.3139,26.93,
5/10/26,PC-236-H1,Coral,4.8353,31.11,
5/10/26,PC-236-H2,Coral,5.4607,31.08,
5/10/26,PC-236-H3,Coral,5.8531,31.04,
5/10/26,PC-237-A1,Coral,4.2525,26.71,
5/10/26,PC-237-A2,Coral,3.8746,26.45,
5/10/26,PC-237-A3,Coral,4.7623,26.93,
5/10/26,PC-237-H1,Coral,4.9088,31.11,
5/10/26,PC-237-H2,Coral,3.657,31.08,
5/10/26,PC-237-H3,Coral,4.1927,31.04,
5/10/26,PC-238-A1,Coral,6.6995,26.71,
5/10/26,PC-238-A2,Coral,4.0788,26.45,
5/10/26,PC-238-A3,Coral,3.3138,26.93,
5/10/26,PC-238-H1,Coral,3.9291,31.11,
5/10/26,PC-238-H2,Coral,3.9924,31.08,
5/10/26,PC-238-H3,Coral,6.3161,31.04,
5/10/26,PC-239-A1,Coral,3.6102,26.71,
5/10/26,PC-239-A2,Coral,6.2307,26.45,
5/10/26,PC-239-A3,Coral,6.0713,26.93,
5/10/26,PC-239-H1,Coral,7.4248,31.11,
5/10/26,PC-239-H2,Coral,4.8076,31.08,
5/10/26,PC-239-H3,Coral,4.3072,31.04,
5/10/26,PC-240-A1,Coral,4.7785,26.71,
5/10/26,PC-240-A2,Coral,4.1618,26.45,
5/10/26,PC-240-A3,Coral,4.098,26.93,
5/10/26,PC-240-H1,Coral,4.7974,31.11,
5/10/26,PC-240-H2,Coral,5.4068,31.08,
5/10/26,PC-240-H3,Coral,5.3741,31.04,
5/10/26,PC-241-A1,Coral,3.4758,26.71,
5/10/26,PC-241-A2,Coral,4.5517,26.45,
5/10/26,PC-241-A3,Coral,3.9692,26.93,
5/10/26,PC-241-H1,Coral,4.3114,31.11,
5/10/26,PC-241-H2,Coral,3.5564,31.08,
5/10/26,PC-241-H3,Coral,4.4481,31.04,
5/10/26,PC-242-A1,Coral,6.1516,26.71,
5/10/26,PC-242-A2,Coral,4.4986,26.45,
5/10/26,PC-242-A3,Coral,6.5418,26.93,
5/10/26,PC-242-H1,Coral,4.486,31.11,
5/10/26,PC-242-H2,Coral,5.1251,31.08,looks sick
5/10/26,PC-242-H3,Coral,4.39,31.04,
5/10/26,PC-243-A1,Coral,6.3578,26.71,
5/10/26,PC-243-A2,Coral,6.1513,26.45,
5/10/26,PC-243-A3,Coral,5.9939,26.93,
5/10/26,PC-243-H1,Coral,5.9022,31.11,
5/10/26,PC-243-H2,Coral,5.3917,31.08,
5/10/26,PC-243-H3,Coral,3.3999,31.04,
5/10/26,PC-244-A1,Coral,5.2616,26.71,
5/10/26,PC-244-A2,Coral,4.8339,26.45,
5/10/26,PC-244-A3,Coral,4.2272,26.93,
5/10/26,PC-244-H1,Coral,4.8688,31.11,
5/10/26,PC-244-H2,Coral,3.613,31.08,
5/10/26,PC-244-H3,Coral,4.0645,31.04,
5/10/26,PC-247-A1,Coral,5.9118,26.71,
5/10/26,PC-247-A2,Coral,4.948,26.45,
5/10/26,PC-247-A3,Coral,4.4183,26.93,
5/10/26,PC-247-H1,Coral,4.8653,31.11,
5/10/26,PC-247-H2,Coral,3.6211,31.08,
5/10/26,PC-247-H3,Coral,4.5222,31.04,
5/10/26,PC-248-A1,Coral,9.3951,26.71,
5/10/26,PC-248-A2,Coral,5.9611,26.45,
5/10/26,PC-248-A3,Coral,6.8482,26.93,
5/10/26,PC-248-H1,Coral,4.8152,31.11,
5/10/26,PC-248-H2,Coral,5.6776,31.08,
5/10/26,PC-248-H3,Coral,7.996,31.04,
5/10/26,PC-26-A1,Coral,8.607,26.71,
5/10/26,PC-26-A2,Coral,5.2708,26.45,
5/10/26,PC-26-A3,Coral,8.5764,26.93,
5/10/26,PC-26-H1,Coral,10.8293,31.11,
5/10/26,PC-26-H2,Coral,7.4717,31.08,
5/10/26,PC-26-H3,Coral,5.1731,31.04,
5/10/26,PC-27-A1,Coral,3.6738,26.71,
5/10/26,PC-27-A2,Coral,3.2271,26.45,
5/10/26,PC-27-A3,Coral,4.0591,26.93,
5/10/26,PC-27-H1,Coral,3.1146,31.11,
5/10/26,PC-27-H2,Coral,3.2914,31.08,
5/10/26,PC-27-H3,Coral,3.4146,31.04,
5/10/26,PC-28-A1,Coral,3.5727,26.71,
5/10/26,PC-28-A2,Coral,4.1731,26.45,
5/10/26,PC-28-A3,Coral,3.9255,26.93,
5/10/26,PC-28-H1,Coral,3.7518,31.11,
5/10/26,PC-28-H2,Coral,4.28,31.08,
5/10/26,PC-28-H3,Coral,6.0798,31.04,
5/10/26,PC-29-A1,Coral,3.4135,26.71,
5/10/26,PC-29-A2,Coral,4.359,26.45,
5/10/26,PC-29-A3,Coral,3.8347,26.93,
5/10/26,PC-29-H1,Coral,5.2088,31.11,
5/10/26,PC-29-H2,Coral,3.932,31.08,
5/10/26,PC-29-H3,Coral,4.1662,31.04,
5/10/26,PC-41-A1,Coral,4.4583,26.71,
5/10/26,PC-41-A2,Coral,5.2098,26.45,
5/10/26,PC-41-A3,Coral,6.4043,26.93,
5/10/26,PC-41-H1,Coral,6.1736,31.11,
5/10/26,PC-41-H2,Coral,4.9845,31.08,
5/10/26,PC-41-H3,Coral,3.8794,31.04,
5/10/26,PC-42-A1,Coral,3.7443,26.71,
5/10/26,PC-42-A2,Coral,4.3096,26.45,
5/10/26,PC-42-A3,Coral,4.1488,26.93,
5/10/26,PC-42-H1,Coral,3.7043,31.11,
5/10/26,PC-42-H2,Coral,4.7483,31.08,
5/10/26,PC-42-H3,Coral,3.7902,31.04,
5/10/26,PC-43-A1,Coral,4.4084,26.71,
5/10/26,PC-43-A2,Coral,3.8882,26.45,
5/10/26,PC-43-A3,Coral,6.4313,26.93,
5/10/26,PC-43-H1,Coral,5.9066,31.11,
5/10/26,PC-43-H2,Coral,4.4055,31.08,
5/10/26,PC-43-H3,Coral,6.1967,31.04,
5/10/26,PC-44-A1,Coral,8.3066,26.71,
5/10/26,PC-44-A2,Coral,5.7693,26.45,
5/10/26,PC-44-A3,Coral,5.0881,26.93,
5/10/26,PC-44-H1,Coral,7.5429,31.11,
5/10/26,PC-44-H2,Coral,5.1325,31.08,
5/10/26,PC-44-H3,Coral,6.3895,31.04,
5/10/26,MC-12-A1-pHi,Coral,4.2523,26.71,
5/10/26,MC-19-A1-pHi,Coral,5.843,26.71,
5/10/26,MC-19-A3-pHi,Coral,4.8204,26.93,
5/10/26,MC-20-A1-pHi,Coral,4.3194,26.71,
5/10/26,MC-203-A1-pHi,Coral,3.7675,26.71,
5/10/26,MC-204-A1-pHI,Coral,4.2302,26.71,
5/10/26,MC-206-A1-pHi,Coral,3.5663,26.71,
5/10/26,MC-209-A1-pHi,Coral,6.1662,26.71,
5/10/26,MC-211-A1-pHi,Coral,3.3129,26.71,
5/10/26,MC-213-A1-pHi,Coral,6.8601,26.71,
5/10/26,MC-214-A1-pHi,Coral,3.9234,26.71,
5/10/26,MC-221-A1-pHi,Coral,5.4868,26.71,
5/10/26,S1,Standard - Ambient,16.101,26.55,
5/10/26,S2,Standard - Ambient,16.098,26.55,
5/10/26,S3,Standard - Ambient,16.1111,26.55,
5/10/26,MC-221-A3-pHi,Coral,3.7301,26.93,
5/10/26,MC-213-A3-pHi,Coral,3.9883,26.93,
5/10/26,MC-206-A3-pHi,Coral,3.6906,26.93,
5/10/26,MC-214-A3-pHi,Coral,3.9104,26.93,
5/10/26,MC-204-A3-pHi,Coral,5.1105,26.93,
5/10/26,MC-203-A3-pHi,Coral,4.6587,26.93,
5/10/26,MC-20-A3-pHi,Coral,6.6756,26.93,
5/10/26,MC-209-A3-pHi,Coral,5.507,26.93,
5/10/26,MC-12-A3-pHi,Coral,5.5216,26.93,
5/10/26,MC-20-A2-pHi,Coral,7.7354,26.45,
5/10/26,MC-206-A2-pHi,Coral,3.2639,26.45,
5/10/26,MC-19-A2-pHi,Coral,4.534,26.45,
5/10/26,MC-213-A2-pHi,Coral,3.9789,26.45,
5/10/26,MC-209-A2-pHi,Coral,3.5095,26.45,
5/10/26,MC-203-A2-pHi,Coral,3.4256,26.45,
5/10/26,MC-12-A2-pHi,Coral,3.6524,26.45,
5/10/26,MC-204-A2-pHi,Coral,5.3286,26.45,
5/10/26,MC-214-A2-pHi,Coral,3.6784,26.45,
5/10/26,MC-221-A2-pHi,Coral,4.8456,26.45,
5/10/26,MC-221-H2-pHi,Coral,3.97,31.08,
5/10/26,MC-206-H2-pHi,Coral,4.1129,31.08,
5/10/26,MC-209-H2-pHi,Coral,3.625,31.08,
5/10/26,MC-12-H2-pHi,Coral,4.0021,31.08,
5/10/26,MC-20-H2-pHi,Coral,5.2278,31.08,
5/10/26,MC-19-H2-pHi,Coral,3.7746,31.08,
5/10/26,MC-211-H2-pHi,Coral,2.8731,31.08,
5/10/26,MC-203-H2-pHi,Coral,3.8041,31.08,
5/10/26,MC-214-H2-pHi,Coral,3.7456,31.08,
5/10/26,MC-204-H2-pHi,Coral,3.7298,31.08,
5/10/26,MC-206-H3-pHi,Coral,4.5283,31.04,
5/10/26,MC-203-H3-pHi,Coral,4.2844,31.04,
5/10/26,MC-214-H3-pHi,Coral,3.6773,31.04,
5/10/26,MC-204-H3-pHi,Coral,3.8107,31.04,
5/10/26,MC-209-H3-pHi,Coral,6.6702,31.04,
5/10/26,MC-221-H3-pHi,Coral,4.8322,31.04,
5/10/26,MC-211-H3-pHi,Coral,3.312,31.04,
5/10/26,MC-12-H3-pHi,Coral,3.8185,31.04,
5/10/26,MC-20-H3-pHi,Coral,4.2749,31.04,
5/10/26,MC-213-H3-pHi,Coral,3.5902,31.04,
5/10/26,MC-19-H3-pHi,Coral,3.9868,31.04,
5/10/26,MC-221-H1-pHi,Coral,4.1942,31.11,
5/10/26,MC-213-H1-pHi,Coral,3.6112,31.11,
5/10/26,MC-12-H1-pHi,Coral,3.5451,31.11,
5/10/26,MC-206-H1-pHi,Coral,4.4316,31.11,
5/10/26,MC-204-H1-pHi,Coral,3.8035,31.11,
5/10/26,MC-209-H1-pHi,Coral,4.6534,31.11,
5/10/26,MC-19-H1-pHi,Coral,3.7441,31.11,
5/10/26,MC-20-H1-pHi,Coral,4.658,31.11,
5/10/26,MC-214-H1-pHi,Coral,3.8083,31.11,
5/10/26,MC-203-H1-pHi,Coral,4.7109,31.11,
5/10/26,S1,Standard - High,16.0674,30.9,
5/10/26,S2,Standard - High,16.0433,30.9,
5/10/26,S3,Standard - High,16.0655,30.9,
5/10/26,S1,Standard - Air,18.5339,23.36,Standard in air
5/10/26,S2,Standard - Air,18.5494,23.36,Standard in air
5/10/26,S3,Standard - Air,18.5237,23.36,Standard in air
5/14/26,MC-12-A1,Coral,4.9666,26.4,
5/14/26,MC-12-A2,Coral,4.3139,26.5,
5/14/26,MC-12-A3,Coral,4.1285,26.1,
5/14/26,MC-12-H1,Coral,4.7162,29.8,
5/14/26,MC-12-H2,Coral,4.7004,29.59,
5/14/26,MC-12-H3,Coral,5.4761,29.22,
5/14/26,MC-19-A1,Coral,5.0041,26.4,
5/14/26,MC-19-A2,Coral,3.4181,26.5,
5/14/26,MC-19-A3,Coral,3.1442,26.1,
5/14/26,MC-19-H1,Coral,4.4939,29.8,
5/14/26,MC-19-H2,Coral,4.1255,29.59,
5/14/26,MC-19-H3,Coral,3.7267,29.22,
5/14/26,MC-20-A1,Coral,4.6816,26.4,"broke while handling, reglued onto plug"
5/14/26,MC-20-A2,Coral,4.2258,26.5,
5/14/26,MC-20-A3,Coral,4.7835,26.1,
5/14/26,MC-20-H1,Coral,6.0059,29.8,
5/14/26,MC-20-H2,Coral,5.7236,29.59,
5/14/26,MC-20-H3,Coral,5.2588,29.22,
5/14/26,MC-202-A1,Coral,4.0303,26.4,
5/14/26,MC-202-A2,Coral,4.6015,26.5,
5/14/26,MC-202-A3,Coral,4.9408,26.1,
5/14/26,MC-202-H1,Coral,4.0925,29.8,
5/14/26,MC-202-H2,Coral,4.535,29.59,
5/14/26,MC-202-H3,Coral,5.8994,29.22,
5/14/26,MC-203-A1,Coral,4.2184,26.4,
5/14/26,MC-203-A2,Coral,3.9363,26.5,
5/14/26,MC-203-A3,Coral,3.8164,26.1,
5/14/26,MC-203-H1,Coral,3.6196,29.8,
5/14/26,MC-203-H2,Coral,4.763,29.59,
5/14/26,MC-203-H3,Coral,3.4143,29.22,
5/14/26,MC-204-A1,Coral,3.973,26.4,
5/14/26,MC-204-A2,Coral,5.4443,26.5,
5/14/26,MC-204-A3,Coral,4.8334,26.1,
5/14/26,MC-204-H1,Coral,3.6231,29.8,
5/14/26,MC-204-H2,Coral,4.6434,29.59,
5/14/26,MC-204-H3,Coral,4.2461,29.22,
5/14/26,MC-206-A1,Coral,3.5154,26.4,
5/14/26,MC-206-A2,Coral,3.4893,26.5,
5/14/26,MC-206-A3,Coral,3.6519,26.1,
5/14/26,MC-206-H1,Coral,4.4535,29.8,
5/14/26,MC-206-H2,Coral,4.0876,29.59,
5/14/26,MC-206-H3,Coral,3.8606,29.22,
5/14/26,MC-209-A1,Coral,4.3387,26.4,
5/14/26,MC-209-A2,Coral,3.4154,26.5,
5/14/26,MC-209-A3,Coral,5.2276,26.1,
5/14/26,MC-209-H1,Coral,5.79,29.8,
5/14/26,MC-209-H2,Coral,4.6742,29.59,
5/14/26,MC-209-H3,Coral,4.7361,29.22,
5/14/26,MC-211-A1,Coral,4.5812,26.4,
5/14/26,MC-211-A2,Coral,5.781,26.5,
5/14/26,MC-211-A3,Coral,2.9644,26.1,
5/14/26,MC-211-H1,Coral,3.8823,29.8,
5/14/26,MC-211-H2,Coral,3.8126,29.59,
5/14/26,MC-211-H3,Coral,3.8601,29.22,
5/14/26,MC-213-A1,Coral,3.9249,26.4,
5/14/26,MC-213-A2,Coral,4.8249,26.5,
5/14/26,MC-213-A3,Coral,3.9304,26.1,
5/14/26,MC-213-H1,Coral,3.9829,29.8,
5/14/26,MC-213-H2,Coral,4.8087,29.59,
5/14/26,MC-213-H3,Coral,4.4831,29.22,
5/14/26,MC-214-A1,Coral,4.0362,26.4,
5/14/26,MC-214-A2,Coral,3.5114,26.5,
5/14/26,MC-214-A3,Coral,3.7848,26.1,
5/14/26,MC-214-H1,Coral,3.5288,29.8,
5/14/26,MC-214-H2,Coral,4.9864,29.59,
5/14/26,MC-214-H3,Coral,3.2175,29.22,
5/14/26,MC-221-A1,Coral,4.3963,26.4,
5/14/26,MC-221-A2,Coral,4.0618,26.5,
5/14/26,MC-221-A3,Coral,4.4965,26.1,
5/14/26,MC-221-H1,Coral,5.3447,29.8,
5/14/26,MC-221-H2,Coral,5.2259,29.59,
5/14/26,MC-221-H3,Coral,4.6422,29.22,
5/14/26,PC-225-A1,Coral,3.2846,26.4,
5/14/26,PC-225-A2,Coral,4.2114,26.5,
5/14/26,PC-225-A3,Coral,4.5357,26.1,
5/14/26,PC-225-H1,Coral,3.2371,29.8,
5/14/26,PC-225-H2,Coral,4.0387,29.59,
5/14/26,PC-225-H3,Coral,4.5469,29.22,
5/14/26,PC-226-A1,Coral,4.6181,26.4,
5/14/26,PC-226-A2,Coral,4.8845,26.5,
5/14/26,PC-226-A3,Coral,5.6412,26.1,
5/14/26,PC-226-H1,Coral,4.6932,29.8,
5/14/26,PC-226-H2,Coral,5.534,29.59,
5/14/26,PC-226-H3,Coral,4.6356,29.22,
5/14/26,PC-233-A1,Coral,4.7865,26.4,
5/14/26,PC-233-A2,Coral,7.1409,26.5,
5/14/26,PC-233-A3,Coral,4.347,26.1,
5/14/26,PC-233-H1,Coral,6.2229,29.8,
5/14/26,PC-233-H2,Coral,4.1284,29.59,
5/14/26,PC-233-H3,Coral,4.008,29.22,
5/14/26,PC-234-A1,Coral,3.7448,26.4,
5/14/26,PC-234-A2,Coral,4.0959,26.5,
5/14/26,PC-234-A3,Coral,4.0425,26.1,
5/14/26,PC-234-H1,Coral,3.5777,29.8,
5/14/26,PC-234-H2,Coral,3.9485,29.59,
5/14/26,PC-234-H3,Coral,3.7909,29.22,
5/14/26,PC-235-A1,Coral,3.45,26.4,
5/14/26,PC-235-A2,Coral,5.8219,26.5,
5/14/26,PC-235-A3,Coral,6.1037,26.1,
5/14/26,PC-235-H1,Coral,4.8697,29.8,
5/14/26,PC-235-H2,Coral,3.8565,29.59,
5/14/26,PC-235-H3,Coral,6.2743,29.22,
5/14/26,PC-236-A1,Coral,5.1816,26.4,
5/14/26,PC-236-A2,Coral,4.2525,26.5,
5/14/26,PC-236-A3,Coral,6.3308,26.1,
5/14/26,PC-236-H1,Coral,4.8208,29.8,
5/14/26,PC-236-H2,Coral,5.4433,29.59,
5/14/26,PC-236-H3,Coral,5.8419,29.22,
5/14/26,PC-237-A1,Coral,4.2919,26.4,
5/14/26,PC-237-A2,Coral,3.8888,26.5,
5/14/26,PC-237-A3,Coral,4.8202,26.1,
5/14/26,PC-237-H1,Coral,4.8828,29.8,
5/14/26,PC-237-H2,Coral,3.6662,29.59,
5/14/26,PC-237-H3,Coral,4.1715,29.22,
5/14/26,PC-238-A1,Coral,6.7624,26.4,
5/14/26,PC-238-A2,Coral,4.0938,26.5,
5/14/26,PC-238-A3,Coral,3.3031,26.1,
5/14/26,PC-238-H1,Coral,3.9153,29.8,
5/14/26,PC-238-H2,Coral,3.9679,29.59,
5/14/26,PC-238-H3,Coral,6.3014,29.22,
5/14/26,PC-239-A1,Coral,3.675,26.4,
5/14/26,PC-239-A2,Coral,6.324,26.5,
5/14/26,PC-239-A3,Coral,6.1281,26.1,
5/14/26,PC-239-H1,Coral,7.4068,29.8,
5/14/26,PC-239-H2,Coral,4.7864,29.59,
5/14/26,PC-239-H3,Coral,4.3321,29.22,
5/14/26,PC-240-A1,Coral,4.8329,26.4,
5/14/26,PC-240-A2,Coral,4.1828,26.5,
5/14/26,PC-240-A3,Coral,4.107,26.1,
5/14/26,PC-240-H1,Coral,4.8013,29.8,
5/14/26,PC-240-H2,Coral,5.3571,29.59,
5/14/26,PC-240-H3,Coral,5.3448,29.22,
5/14/26,PC-241-A1,Coral,3.5065,26.4,
5/14/26,PC-241-A2,Coral,4.5747,26.5,
5/14/26,PC-241-A3,Coral,3.9851,26.1,
5/14/26,PC-241-H1,Coral,4.2791,29.8,
5/14/26,PC-241-H2,Coral,3.5222,29.59,
5/14/26,PC-241-H3,Coral,4.4213,29.22,
5/14/26,PC-242-A1,Coral,6.1702,26.4,
5/14/26,PC-242-A2,Coral,4.9532,26.5,
5/14/26,PC-242-A3,Coral,6.5417,26.1,
5/14/26,PC-242-H1,Coral,4.4567,29.8,
5/14/26,PC-242-H2,Coral,5.0901,29.59,looks sick
5/14/26,PC-242-H3,Coral,4.3988,29.22,
5/14/26,PC-243-A1,Coral,6.42,26.4,
5/14/26,PC-243-A2,Coral,6.1982,26.5,
5/14/26,PC-243-A3,Coral,6.0321,26.1,
5/14/26,PC-243-H1,Coral,5.9065,29.8,
5/14/26,PC-243-H2,Coral,5.369,29.59,
5/14/26,PC-243-H3,Coral,3.386,29.22,
5/14/26,PC-244-A1,Coral,5.2819,26.4,
5/14/26,PC-244-A2,Coral,4.8907,26.5,
5/14/26,PC-244-A3,Coral,4.2356,26.1,
5/14/26,PC-244-H1,Coral,4.9131,29.8,
5/14/26,PC-244-H2,Coral,3.6001,29.59,
5/14/26,PC-244-H3,Coral,4.0458,29.22,
5/14/26,PC-247-A1,Coral,5.9709,26.4,
5/14/26,PC-247-A2,Coral,4.9884,26.5,
5/14/26,PC-247-A3,Coral,4.4288,26.1,
5/14/26,PC-247-H1,Coral,4.8351,29.8,
5/14/26,PC-247-H2,Coral,3.5999,29.59,
5/14/26,PC-247-H3,Coral,4.5256,29.22,
5/14/26,PC-248-A1,Coral,9.4604,26.4,
5/14/26,PC-248-A2,Coral,6.0012,26.5,
5/14/26,PC-248-A3,Coral,6.8691,26.1,
5/14/26,PC-248-H1,Coral,4.7772,29.8,
5/14/26,PC-248-H2,Coral,5.6446,29.59,
5/14/26,PC-248-H3,Coral,7.9738,29.22,
5/14/26,PC-26-A1,Coral,8.7207,26.4,
5/14/26,PC-26-A2,Coral,5.3076,26.5,
5/14/26,PC-26-A3,Coral,8.6352,26.1,
5/14/26,PC-26-H1,Coral,10.8718,29.8,
5/14/26,PC-26-H2,Coral,7.471,29.59,
5/14/26,PC-26-H3,Coral,5.1789,29.22,
5/14/26,PC-27-A1,Coral,3.7252,26.4,
5/14/26,PC-27-A2,Coral,3.2304,26.5,
5/14/26,PC-27-A3,Coral,4.09,26.1,
5/14/26,PC-27-H1,Coral,3.1126,29.8,
5/14/26,PC-27-H2,Coral,3.2573,29.59,
5/14/26,PC-27-H3,Coral,3.391,29.22,
5/14/26,PC-28-A1,Coral,3.6123,26.4,
5/14/26,PC-28-A2,Coral,4.2343,26.5,
5/14/26,PC-28-A3,Coral,3.9476,26.1,
5/14/26,PC-28-H1,Coral,3.8093,29.8,
5/14/26,PC-28-H2,Coral,4.2793,29.59,
5/14/26,PC-28-H3,Coral,6.0966,29.22,
5/14/26,PC-29-A1,Coral,3.4697,26.4,
5/14/26,PC-29-A2,Coral,4.3601,26.5,
5/14/26,PC-29-A3,Coral,3.8384,26.1,
5/14/26,PC-29-H1,Coral,5.2264,29.8,
5/14/26,PC-29-H2,Coral,3.8978,29.59,
5/14/26,PC-29-H3,Coral,4.1461,29.22,
5/14/26,PC-41-A1,Coral,4.9362,26.4,
5/14/26,PC-41-A2,Coral,5.2655,26.5,
5/14/26,PC-41-A3,Coral,6.4776,26.1,
5/14/26,PC-41-H1,Coral,6.1889,29.8,
5/14/26,PC-41-H2,Coral,4.9968,29.59,
5/14/26,PC-41-H3,Coral,3.8564,29.22,
5/14/26,PC-42-A1,Coral,3.772,26.4,
5/14/26,PC-42-A2,Coral,4.3693,26.5,
5/14/26,PC-42-A3,Coral,4.1404,26.1,
5/14/26,PC-42-H1,Coral,3.745,29.8,
5/14/26,PC-42-H2,Coral,4.7526,29.59,
5/14/26,PC-42-H3,Coral,3.7836,29.22,
5/14/26,PC-43-A1,Coral,4.4579,26.4,
5/14/26,PC-43-A2,Coral,3.9209,26.5,
5/14/26,PC-43-A3,Coral,6.4977,26.1,
5/14/26,PC-43-H1,Coral,5.9069,29.8,
5/14/26,PC-43-H2,Coral,4.3895,29.59,
5/14/26,PC-43-H3,Coral,6.2147,29.22,
5/14/26,PC-44-A1,Coral,8.3934,26.4,
5/14/26,PC-44-A2,Coral,5.8696,26.5,
5/14/26,PC-44-A3,Coral,5.1161,26.1,
5/14/26,PC-44-H1,Coral,7.5735,29.8,
5/14/26,PC-44-H2,Coral,5.2967,29.59,
5/14/26,PC-44-H3,Coral,6.3844,29.22,
5/14/26,MC-12-A1-pHi,Coral,4.3066,26.4,
5/14/26,MC-19-A1-pHi,Coral,5.8875,26.4,
5/14/26,MC-19-A3-pHi,Coral,4.8842,26.4,
5/14/26,MC-20-A1-pHi,Coral,4.3554,26.4,
5/14/26,MC-203-A1-pHi,Coral,3.7735,26.4,
5/14/26,MC-204-A1-pHI,Coral,4.2683,26.4,
5/14/26,MC-206-A1-pHi,Coral,3.5642,26.4,
5/14/26,MC-209-A1-pHi,Coral,6.1925,26.4,
5/14/26,MC-211-A1-pHi,Coral,3.3169,26.4,
5/14/26,MC-213-A1-pHi,Coral,6.8788,26.4,
5/14/26,MC-214-A1-pHi,Coral,3.9493,26.4,
5/14/26,MC-221-A1-pHi,Coral,5.5133,26.4,
5/14/26,S1,Standard - Ambient,16.0839,27,
5/14/26,S2,Standard - Ambient,16.1043,27,
5/14/26,S3,Standard - Ambient,16.0737,27,
5/14/26,MC-221-A3-pHi,Coral,3.7172,26.1,
5/14/26,MC-213-A3-pHi,Coral,3.9534,26.1,
5/14/26,MC-206-A3-pHi,Coral,3.7112,26.1,
5/14/26,MC-214-A3-pHi,Coral,3.927,26.1,
5/14/26,MC-204-A3-pHi,Coral,5.0995,26.1,
5/14/26,MC-203-A3-pHi,Coral,4.6484,26.1,
5/14/26,MC-20-A3-pHi,Coral,6.665,26.1,
5/14/26,MC-209-A3-pHi,Coral,5.489,26.1,
5/14/26,MC-12-A3-pHi,Coral,5.515,26.1,
5/14/26,MC-20-A2-pHi,Coral,7.7309,26.5,
5/14/26,MC-206-A2-pHi,Coral,3.2503,26.5,
5/14/26,MC-19-A2-pHi,Coral,4.4975,26.5,Reglued post PAM
5/14/26,MC-213-A2-pHi,Coral,3.9875,26.5,
5/14/26,MC-209-A2-pHi,Coral,3.4835,26.5,
5/14/26,MC-203-A2-pHi,Coral,3.4139,26.5,
5/14/26,MC-12-A2-pHi,Coral,3.6681,26.5,
5/14/26,MC-204-A2-pHi,Coral,5.3831,26.5,
5/14/26,MC-214-A2-pHi,Coral,3.6426,26.5,
5/14/26,MC-221-A2-pHi,Coral,4.8747,26.5,
5/14/26,MC-221-H2-pHi,Coral,3.9723,29.59,
5/14/26,MC-206-H2-pHi,Coral,4.0927,29.59,
5/14/26,MC-209-H2-pHi,Coral,3.5765,29.59,
5/14/26,MC-12-H2-pHi,Coral,3.9572,29.59,
5/14/26,MC-20-H2-pHi,Coral,5.1822,29.59,
5/14/26,MC-19-H2-pHi,Coral,3.7423,29.59,
5/14/26,MC-211-H2-pHi,Coral,2.8132,29.59,
5/14/26,MC-203-H2-pHi,Coral,3.7651,29.59,
5/14/26,MC-214-H2-pHi,Coral,3.7215,29.59,
5/14/26,MC-204-H2-pHi,Coral,3.7041,29.59,
5/14/26,MC-206-H3-pHi,Coral,4.5491,29.22,
5/14/26,MC-203-H3-pHi,Coral,4.227,29.22,
5/14/26,MC-214-H3-pHi,Coral,3.6522,29.22,
5/14/26,MC-204-H3-pHi,Coral,3.7825,29.22,
5/14/26,MC-209-H3-pHi,Coral,6.6406,29.22,
5/14/26,MC-221-H3-pHi,Coral,4.8182,29.22,
5/14/26,MC-211-H3-pHi,Coral,3.2805,29.22,
5/14/26,MC-12-H3-pHi,Coral,3.7862,29.22,
5/14/26,MC-20-H3-pHi,Coral,4.3022,29.22,
5/14/26,MC-213-H3-pHi,Coral,3.5689,29.22,
5/14/26,MC-19-H3-pHi,Coral,3.968,29.22,
5/14/26,MC-221-H1-pHi,Coral,4.1563,29.8,
5/14/26,MC-213-H1-pHi,Coral,3.5933,29.8,
5/14/26,MC-12-H1-pHi,Coral,3.514,29.8,
5/14/26,MC-206-H1-pHi,Coral,4.4419,29.8,
5/14/26,MC-204-H1-pHi,Coral,3.7662,29.8,
5/14/26,MC-209-H1-pHi,Coral,4.6116,29.8,
5/14/26,MC-19-H1-pHi,Coral,3.7103,29.8,
5/14/26,MC-20-H1-pHi,Coral,4.6432,29.8,
5/14/26,MC-214-H1-pHi,Coral,3.7772,29.8,
5/14/26,MC-203-H1-pHi,Coral,4.5904,29.8,
5/14/26,S1,Standard - High,16.0592,29,
5/14/26,S2,Standard - High,16.0596,29,
5/14/26,S3,Standard - High,16.0901,29,
5/14/26,S1,Standard - Air,18.518,22,Standard in air
5/14/26,S2,Standard - Air,18.4846,22,Standard in air
5/14/26,S3,Standard - Air,18.4817,22,Standard in air
5/20/26,MC-12-A1,Final plug,2.1073,26.14,
5/20/26,MC-12-A2,Coral,4.3473,26.14,
5/20/26,MC-12-A3,Coral,4.155,26.03,
5/20/26,MC-12-H1,Final plug,2.693,30.79,
5/20/26,MC-12-H2,Coral,4.7453,30.71,
5/20/26,MC-12-H3,Coral,5.4867,30.61,
5/20/26,MC-19-A1,Coral,4.184,26.14,
5/20/26,MC-19-A2,Final plug,2.0586,26.14,
5/20/26,MC-19-A3,Coral,3.1595,26.03,
5/20/26,MC-19-H1,Coral,4.4971,30.79,
5/20/26,MC-19-H2,Final plug,2.7972,30.71,
5/20/26,MC-19-H3,Coral,3.7223,30.61,
5/20/26,MC-20-A1,Coral,3.8592,26.14,
5/20/26,MC-20-A2,Coral,4.2523,26.14,
5/20/26,MC-20-A3,Final plug,2.2516,26.03,
5/20/26,MC-20-H1,Coral,6.0082,30.79,
5/20/26,MC-20-H2,Coral,5.7502,30.71,
5/20/26,MC-20-H3,Final plug,2.8382,30.61,
5/20/26,MC-202-A1,Coral,3.1983,26.14,
5/20/26,MC-202-A2,Final plug,1.9472,26.14,
5/20/26,MC-202-A3,Coral,4.9904,26.03,
5/20/26,MC-202-H1,Coral,4.1136,30.79,
5/20/26,MC-202-H2,Final plug,3.1291,30.71,
5/20/26,MC-202-H3,Final plug,2.0971,30.61,
5/20/26,MC-203-A1,Coral,3.3939,26.14,
5/20/26,MC-203-A2,Coral,3.9754,26.14,
5/20/26,MC-203-A3,Final plug,1.6783,26.03,
5/20/26,MC-203-H1,Coral,3.6508,30.79,
5/20/26,MC-203-H2,Coral,4.7983,30.71,
5/20/26,MC-203-H3,Final plug,2.6879,30.61,
5/20/26,MC-204-A1,Final plug,1.913,26.14,
5/20/26,MC-204-A2,Coral,5.5245,26.14,
5/20/26,MC-204-A3,Coral,4.897,26.03,
5/20/26,MC-204-H1,Final plug,2.7208,30.79,
5/20/26,MC-204-H2,Coral,4.6731,30.71,
5/20/26,MC-204-H3,Coral,4.2492,30.61,
5/20/26,MC-206-A1,Coral,2.673,26.14,
5/20/26,MC-206-A2,Final plug,2.4936,26.14,
5/20/26,MC-206-A3,Coral,3.6728,26.03,
5/20/26,MC-206-H1,Coral,4.4966,30.79,
5/20/26,MC-206-H2,Final plug,2.7376,30.71,
5/20/26,MC-206-H3,Final plug,2.8032,30.61,
5/20/26,MC-209-A1,Coral,3.5195,26.14,
5/20/26,MC-209-A2,Coral,3.4347,26.14,
5/20/26,MC-209-A3,Final plug,2.1315,26.03,
5/20/26,MC-209-H1,Coral,5.8275,30.79,
5/20/26,MC-209-H2,Coral,4.7028,30.71,
5/20/26,MC-209-H3,Final plug,2.4348,30.61,
5/20/26,MC-211-A1,Final plug,1.477,26.14,
5/20/26,MC-211-A2,Coral,5.8136,26.14,
5/20/26,MC-211-A3,Coral,2.9895,26.03,
5/20/26,MC-211-H1,Final plug,1.9852,30.79,
5/20/26,MC-211-H2,Coral,3.8143,30.71,
5/20/26,MC-211-H3,Coral,3.8761,30.61,
5/20/26,MC-213-A1,Coral,3.099,26.14,
5/20/26,MC-213-A2,Final plug,1.7403,26.14,
5/20/26,MC-213-A3,Coral,3.9635,26.03,
5/20/26,MC-213-H1,Coral,4.018,30.79,
5/20/26,MC-213-H2,Final plug,2.8526,30.71,
5/20/26,MC-213-H3,Coral,4.4894,30.61,
5/20/26,MC-214-A1,Coral,3.2002,26.14,
5/20/26,MC-214-A2,Coral,3.5229,26.14,
5/20/26,MC-214-A3,Final plug,2.0764,26.03,
5/20/26,MC-214-H1,Coral,3.5397,30.79,
5/20/26,MC-214-H2,Coral,5.0109,30.71,
5/20/26,MC-214-H3,Final plug,2.4961,30.61,
5/20/26,MC-221-A1,Final plug,2.2984,26.14,
5/20/26,MC-221-A2,Coral,4.091,26.14,
5/20/26,MC-221-A3,Coral,4.5373,26.03,
5/20/26,MC-221-H1,Final plug,2.5832,30.79,
5/20/26,MC-221-H2,Coral,5.3085,30.71,
5/20/26,MC-221-H3,Coral,4.6385,30.61,
5/20/26,PC-225-A1,Final plug,2.2499,26.14,
5/20/26,PC-225-A2,Coral,4.2848,26.14,
5/20/26,PC-225-A3,Coral,4.6419,26.03,
5/20/26,PC-225-H1,Final plug,2.7435,30.79,
5/20/26,PC-225-H2,Coral,4.0429,30.71,
5/20/26,PC-225-H3,Coral,4.57,30.61,
5/20/26,PC-226-A1,Coral,3.7938,26.14,
5/20/26,PC-226-A2,Final plug,2.2806,26.14,
5/20/26,PC-226-A3,Coral,5.7507,26.03,
5/20/26,PC-226-H1,Coral,4.7004,30.79,
5/20/26,PC-226-H2,Final plug,1.755125,30.71,"Label fell off plug, weight is averaeg of all unlabeled plugs (8 total plugs on this date)"
5/20/26,PC-226-H3,Coral,4.6628,30.61,
5/20/26,PC-233-A1,Coral,3.9893,26.14,
5/20/26,PC-233-A2,Coral,7.2331,26.14,
5/20/26,PC-233-A3,Final plug,1.6502,26.03,
5/20/26,PC-233-H1,Coral,6.2516,30.79,
5/20/26,PC-233-H2,Coral,4.1721,30.71,
5/20/26,PC-233-H3,Final plug,2.7399,30.61,
5/20/26,PC-234-A1,Final plug,2.0792,26.14,
5/20/26,PC-234-A2,Coral,4.159,26.14,
5/20/26,PC-234-A3,Coral,4.0833,26.03,
5/20/26,PC-234-H1,Final plug,2.3735,30.79,
5/20/26,PC-234-H2,Coral,3.9611,30.71,
5/20/26,PC-234-H3,Coral,3.7941,30.61,
5/20/26,PC-235-A1,Coral,2.619,26.14,
5/20/26,PC-235-A2,Final plug,1.6986,26.14,
5/20/26,PC-235-A3,Coral,6.2168,26.03,
5/20/26,PC-235-H1,Coral,4.8736,30.79,
5/20/26,PC-235-H2,Final plug,1.755125,30.71,
5/20/26,PC-235-H3,Coral,6.2669,30.61,
5/20/26,PC-236-A1,Coral,4.4381,26.14,
5/20/26,PC-236-A2,Coral,4.3217,26.14,
5/20/26,PC-236-A3,Final plug,1.7245,26.03,
5/20/26,PC-236-H1,Coral,4.8361,30.79,
5/20/26,PC-236-H2,Coral,5.4395,30.71,
5/20/26,PC-236-H3,Final plug,2.8341,30.61,
5/20/26,PC-237-A1,Final plug,1.7955,26.14,
5/20/26,PC-237-A2,Coral,3.965,26.14,
5/20/26,PC-237-A3,Coral,4.8858,26.03,
5/20/26,PC-237-H1,Final plug,1.755125,30.79,"Label fell off plug, weight is averaeg of all unlabeled plugs (8 total plugs on this date)"
5/20/26,PC-237-H2,Coral,3.6815,30.71,
5/20/26,PC-237-H3,Coral,4.1522,30.61,
5/20/26,PC-238-A1,Coral,6.0095,26.14,
5/20/26,PC-238-A2,Final plug,2.5896,26.14,
5/20/26,PC-238-A3,Coral,3.3418,26.03,
5/20/26,PC-238-H1,Coral,3.9163,30.79,
5/20/26,PC-238-H2,Final plug,2.7393,30.71,
5/20/26,PC-238-H3,Coral,6.3146,30.61,
5/20/26,PC-239-A1,Coral,2.8556,26.14,
5/20/26,PC-239-A2,Coral,6.4336,26.14,
5/20/26,PC-239-A3,Final plug,1.755125,26.03,"Label fell off plug, weight is averaeg of all unlabeled plugs (8 total plugs on this date)"
5/20/26,PC-239-H1,Coral,7.4074,30.79,
5/20/26,PC-239-H2,Coral,4.8228,30.71,
5/20/26,PC-239-H3,Final plug,1.755125,30.61,"Label fell off plug, weight is averaeg of all unlabeled plugs (8 total plugs on this date)"
5/20/26,PC-240-A1,Final plug,2.5308,26.14,
5/20/26,PC-240-A2,Coral,4.2236,26.14,
5/20/26,PC-240-A3,Coral,4.1602,26.03,
5/20/26,PC-240-H1,Final plug,2.1213,30.79,
5/20/26,PC-240-H2,Coral,5.3672,30.71,
5/20/26,PC-240-H3,Coral,5.3772,30.61,
5/20/26,PC-241-A1,Coral,2.6717,26.14,
5/20/26,PC-241-A2,Final plug,2.4532,26.14,
5/20/26,PC-241-A3,Coral,4.0092,26.03,
5/20/26,PC-241-H1,Coral,4.2868,30.79,
5/20/26,Final plug,Coral,1.755125,30.71,"Label fell off plug, weight is averaeg of all unlabeled plugs (8 total plugs on this date)"
5/20/26,PC-241-H3,Coral,4.4179,30.61,
5/20/26,PC-242-A1,Coral,5.3081,26.14,looks sick
5/20/26,PC-242-A2,Coral,4.9522,26.14,looks sick
5/20/26,PC-242-A3,Final plug,1.6578,26.03,
5/20/26,PC-242-H1,Coral,4.4869,30.79,
5/20/26,PC-242-H2,Final plug,2.2007,30.71,
5/20/26,PC-242-H3,Final plug,2.6442,30.61,
5/20/26,PC-243-A1,Final plug,1.8388,26.14,
5/20/26,PC-243-A2,Coral,6.2309,26.14,
5/20/26,PC-243-A3,Coral,6.0783,26.03,
5/20/26,PC-243-H1,Final plug,2.7625,30.79,
5/20/26,PC-243-H2,Coral,5.3733,30.71,
5/20/26,PC-243-H3,Coral,3.4183,30.61,
5/20/26,PC-244-A1,Coral,4.5548,26.14,
5/20/26,PC-244-A2,Final plug,2.0732,26.14,
5/20/26,PC-244-A3,Coral,4.2759,26.03,
5/20/26,PC-244-H1,Coral,4.9312,30.79,
5/20/26,PC-244-H2,Final plug,2.7747,30.71,
5/20/26,PC-244-H3,Coral,4.0738,30.61,
5/20/26,PC-247-A1,Coral,5.1895,26.14,
5/20/26,PC-247-A2,Coral,5.0736,26.14,
5/20/26,PC-247-A3,Final plug,2.1103,26.03,
5/20/26,PC-247-H1,Coral,4.8248,30.79,
5/20/26,PC-247-H2,Coral,3.6075,30.71,
5/20/26,PC-247-H3,Final plug,2.7599,30.61,
5/20/26,PC-248-A1,Final plug,1.7546,26.14,
5/20/26,PC-248-A2,Coral,6.0595,26.14,
5/20/26,PC-248-A3,Coral,6.9104,26.03,
5/20/26,PC-248-H1,Final plug,2.7322,30.79,
5/20/26,PC-248-H2,Coral,5.6554,30.71,
5/20/26,PC-248-H3,Coral,8.0105,30.61,
5/20/26,PC-26-A1,Coral,8.037,26.14,
5/20/26,PC-26-A2,Final plug,2.5856,26.14,
5/20/26,PC-26-A3,Coral,8.7098,26.03,
5/20/26,PC-26-H1,Coral,10.9424,30.79,
5/20/26,PC-26-H2,Final plug,1.755125,30.71,"Label fell off plug, weight is averaeg of all unlabeled plugs (8 total plugs on this date)"
5/20/26,PC-26-H3,Coral,5.2025,30.61,
5/20/26,PC-27-A1,Coral,2.914,26.14,
5/20/26,PC-27-A2,Coral,3.2665,26.14,
5/20/26,PC-27-A3,Final plug,2.2552,26.03,
5/20/26,PC-27-H1,Coral,3.1385,30.79,
5/20/26,PC-27-H2,Coral,3.3001,30.71,
5/20/26,PC-27-H3,Final plug,2.4329,30.61,
5/20/26,PC-28-A1,Final plug,2.5573,26.14,
5/20/26,PC-28-A2,Coral,4.2997,26.14,
5/20/26,PC-28-A3,Coral,4.0169,26.03,
5/20/26,PC-28-H1,Final plug,2.5482,30.79,
5/20/26,PC-28-H2,Coral,4.3335,30.71,
5/20/26,PC-28-H3,Coral,6.2001,30.61,
5/20/26,PC-29-A1,Coral,2.664,26.14,
5/20/26,PC-29-A2,Final plug,2.1835,26.14,
5/20/26,PC-29-A3,Coral,3.872,26.03,
5/20/26,PC-29-H1,Coral,5.2237,30.79,
5/20/26,PC-29-H2,Final plug,2.7855,30.71,
5/20/26,PC-29-H3,Coral,4.1411,30.61,
5/20/26,PC-41-A1,Coral,4.1742,26.14,
5/20/26,PC-41-A2,Coral,5.3784,26.14,
5/20/26,PC-41-A3,Final plug,2.2862,26.03,
5/20/26,PC-41-H1,Coral,6.2181,30.79,
5/20/26,PC-41-H2,Coral,5.039,30.71,
5/20/26,PC-41-H3,Final plug,2.6776,30.61,
5/20/26,PC-42-A1,Final plug,2.625,26.14,
5/20/26,PC-42-A2,Coral,4.4356,26.14,
5/20/26,PC-42-A3,Coral,4.1848,26.03,
5/20/26,PC-42-H1,Final plug,2.8134,30.79,
5/20/26,PC-42-H2,Coral,4.7828,30.71,
5/20/26,PC-42-H3,Coral,3.7938,30.61,
5/20/26,PC-43-A1,Coral,3.6528,26.14,
5/20/26,PC-43-A2,Final plug,2.6699,26.14,
5/20/26,PC-43-A3,Coral,6.5878,26.03,
5/20/26,PC-43-H1,Coral,5.9035,30.79,
5/20/26,PC-43-H2,Final plug,2.7699,30.71,
5/20/26,PC-43-H3,Coral,6.2111,30.61,
5/20/26,PC-44-A1,Coral,7.6145,26.14,
5/20/26,PC-44-A2,Coral,6.0012,26.14,
5/20/26,PC-44-A3,Final plug,1.755125,26.03,"Label fell off plug, weight is averaeg of all unlabeled plugs (8 total plugs on this date)"
5/20/26,PC-44-H1,Coral,7.6351,30.79,
5/20/26,PC-44-H2,Coral,5.3397,30.71,
5/20/26,PC-44-H3,Final plug,2.4728,30.61,
5/20/26,MC-12-A1-pHi,Final plug,1.9989,26.14,
5/20/26,MC-19-A1-pHi,Coral,5.0735,26.14,
5/20/26,MC-19-A3-pHi,Coral,4.9034,26.03,
5/20/26,MC-20-A1-pHi,Coral,3.5494,26.14,
5/20/26,MC-203-A1-pHi,Coral,2.9316,26.14,
5/20/26,MC-204-A1-pHI,Final plug,2.5199,26.14,
5/20/26,MC-206-A1-pHi,Coral,2.7161,26.14,
5/20/26,MC-209-A1-pHi,Coral,5.3745,26.14,
5/20/26,MC-211-A1-pHi,Final plug,2.8994,26.14,
5/20/26,MC-213-A1-pHi,Coral,6.0722,26.14,
5/20/26,MC-214-A1-pHi,Coral,3.1233,26.14,
5/20/26,MC-221-A1-pHi,Final plug,2.9652,26.14,
5/20/26,S1,Standard - Ambient,16.0389,26.05,
5/20/26,S2,Standard - Ambient,16.0606,26.05,
5/20/26,S3,Standard - Ambient,16.0981,26.05,
5/20/26,MC-221-A3-pHi,Coral,3.7595,26.03,
5/20/26,MC-213-A3-pHi,Coral,3.9837,26.03,
5/20/26,MC-206-A3-pHi,Coral,3.7529,26.03,
5/20/26,MC-214-A3-pHi,Final plug,2.5153,26.03,
5/20/26,MC-204-A3-pHi,Coral,5.1488,26.03,
5/20/26,MC-203-A3-pHi,Final plug,2.8602,26.03,
5/20/26,MC-20-A3-pHi,Final plug,2.7575,26.03,
5/20/26,MC-209-A3-pHi,Final plug,2.8851,26.03,
5/20/26,MC-12-A3-pHi,Coral,5.5686,26.03,
5/20/26,MC-20-A2-pHi,Coral,7.785,26.14,
5/20/26,MC-206-A2-pHi,Final plug,2.7333,26.14,
5/20/26,MC-19-A2-pHi,Final plug,2.8846,26.14,
5/20/26,MC-213-A2-pHi,Final plug,3.169,26.14,
5/20/26,MC-209-A2-pHi,Coral,3.5632,26.14,
5/20/26,MC-203-A2-pHi,Coral,3.4339,26.14,
5/20/26,MC-12-A2-pHi,Coral,3.6854,26.14,
5/20/26,MC-204-A2-pHi,Coral,5.432,26.14,
5/20/26,MC-214-A2-pHi,Coral,3.6469,26.14,
5/20/26,MC-221-A2-pHi,Coral,4.9987,26.14,
5/20/26,MC-221-H2-pHi,Coral,3.9906,30.71,
5/20/26,MC-206-H2-pHi,Final plug,2.4932,30.71,
5/20/26,MC-209-H2-pHi,Coral,3.5958,30.71,
5/20/26,MC-12-H2-pHi,Coral,3.9852,30.71,
5/20/26,MC-20-H2-pHi,Coral,5.2406,30.71,
5/20/26,MC-19-H2-pHi,Final plug,2.6581,30.71,
5/20/26,MC-211-H2-pHi,Coral,2.8289,30.71,
5/20/26,MC-203-H2-pHi,Final plug,2.8051,30.71,
5/20/26,MC-214-H2-pHi,Coral,3.7524,30.71,lots of algae
5/20/26,MC-204-H2-pHi,Coral,3.752,30.71,
5/20/26,MC-206-H3-pHi,Coral,4.5537,30.61,
5/20/26,MC-203-H3-pHi,Final plug,2.2379,30.61,
5/20/26,MC-214-H3-pHi,Final plug,2.5239,30.61,
5/20/26,MC-204-H3-pHi,Final plug,2.2542,30.61,
5/20/26,MC-209-H3-pHi,Final plug,1.8272,30.61,
5/20/26,MC-221-H3-pHi,Coral,4.847,30.61,
5/20/26,MC-211-H3-pHi,Coral,3.2769,30.61,
5/20/26,MC-12-H3-pHi,Coral,3.7925,30.61,
5/20/26,MC-20-H3-pHi,Final plug,2.9345,30.61,
5/20/26,MC-213-H3-pHi,Coral,3.5749,30.61,
5/20/26,MC-19-H3-pHi,Coral,4.0026,30.61,
5/20/26,MC-221-H1-pHi,Final plug,1.7537,30.79,
5/20/26,MC-213-H1-pHi,Coral,3.6188,30.79,
5/20/26,MC-12-H1-pHi,Final plug,1.8233,30.79,
5/20/26,MC-206-H1-pHi,Coral,4.4501,30.79,
5/20/26,MC-204-H1-pHi,Final plug,2.2606,30.79,
5/20/26,MC-209-H1-pHi,Coral,4.6111,30.79,
5/20/26,MC-19-H1-pHi,Coral,3.7419,30.79,
5/20/26,MC-20-H1-pHi,Coral,4.6894,30.79,
5/20/26,MC-214-H1-pHi,Coral,3.8468,30.79,
5/20/26,MC-203-H1-pHi,Coral,4.6778,30.79,
5/20/26,S1,Standard - High,16.0674,30.61,
5/20/26,S2,Standard - High,16.0433,30.61,
5/20/26,S3,Standard - High,16.0655,30.61,
5/20/26,S1,Standard - Air,18.5143,23.2,
5/20/26,S2,Standard - Air,18.4921,23.2,
5/20/26,S3,Standard - Air,18.4734,23.2,
5/25/26,MC-12-A2,Final plug,2.8553,25.15,
5/25/26,MC-12-A3,Final plug,2.7416,25.15,
5/25/26,MC-12-H2,Final plug,2.784,25.15,
5/25/26,MC-19-A3,Final plug,2.5192,25.15,
5/25/26,MC-19-H1,Final plug,2.7676,25.15,
5/25/26,MC-19-H3,Final plug,2.6255,25.15,
5/25/26,MC-20-A1,Final plug,2.6455,25.15,
5/25/26,MC-20-A2,Final plug,2.7688,25.15,
5/25/26,MC-20-H1,Final plug,2.6966,25.15,
5/25/26,MC-20-H2,Final plug,2.958,25.15,
5/25/26,MC-202-A1,Final plug,2.5749,25.15,
5/25/26,MC-202-A3,Final plug,2.8957,25.15,
5/25/26,MC-203-A1,Final plug,2.7973,25.15,
5/25/26,MC-203-A2,Final plug,2.6267,25.15,
5/25/26,MC-203-H1,Final plug,2.7588,25.15,
5/25/26,MC-203-H2,Final plug,2.6638,25.15,
5/25/26,MC-204-A2,Final plug,2.5965,25.15,
5/25/26,MC-204-A3,Final plug,2.5148,25.15,
5/25/26,MC-204-H2,Final plug,2.8391,25.15,
5/25/26,MC-204-H3,Final plug,2.9401,25.15,
5/25/26,MC-206-A1,Final plug,2.8539,25.15,
5/25/26,MC-206-A3,Final plug,2.7933,25.15,
5/25/26,MC-206-H1,Final plug,2.9711,25.15,
5/25/26,MC-209-A1,Final plug,2.786,25.15,
5/25/26,MC-209-A2,Final plug,2.8862,25.15,
5/25/26,MC-209-H1,Final plug,2.5994,25.15,
5/25/26,MC-209-H2,Final plug,2.9394,25.15,
5/25/26,MC-211-A2,Final plug,2.9049,25.15,
5/25/26,MC-211-A3,Final plug,2.5048,25.15,
5/25/26,MC-211-H2,Final plug,2.9295,25.15,
5/25/26,MC-211-H3,Final plug,2.6435,25.15,
5/25/26,MC-213-A1,Final plug,2.7189,25.15,
5/25/26,MC-213-A3,Final plug,2.7167,25.15,
5/25/26,MC-213-H1,Final plug,2.7535,25.15,
5/25/26,MC-213-H3,Final plug,2.7862,25.15,
5/25/26,MC-214-A1,Final plug,2.8098,25.15,
5/25/26,MC-214-A2,Final plug,2.7092,25.15,
5/25/26,MC-214-H1,Final plug,2.5153,25.15,
5/25/26,MC-214-H2,Final plug,2.7501,25.15,
5/25/26,MC-221-A2,Final plug,2.6294,25.15,
5/25/26,MC-221-A3,Final plug,2.8015,25.15,
5/25/26,MC-221-H2,Final plug,2.7931,25.15,
5/25/26,MC-221-H3,Final plug,2.6349,25.15,
5/25/26,PC-225-A2,Final plug,2.7768,25.15,
5/25/26,PC-225-A3,Final plug,2.5841,25.15,
5/25/26,PC-225-H2,Final plug,2.7459,25.15,
5/25/26,PC-226-A3,Final plug,2.8451,25.15,
5/25/26,PC-226-H1,Final plug,2.6859,25.15,
5/25/26,PC-226-H3,Final plug,2.6129,25.15,
5/25/26,PC-233-A1,Final plug,2.84,25.15,
5/25/26,PC-233-A2,Final plug,3.0149,25.15,
5/25/26,PC-233-H1,Final plug,2.531,25.15,
5/25/26,PC-233-H2,Final plug,2.8401,25.15,
5/25/26,PC-234-A2,Final plug,2.7229,25.15,
5/25/26,PC-234-A3,Final plug,2.9024,25.15,
5/25/26,PC-234-H2,Final plug,2.8356,25.15,
5/25/26,PC-234-H3,Final plug,2.8299,25.15,
5/25/26,PC-235-A1,Final plug,2.4475,25.15,
5/25/26,PC-235-A3,Final plug,2.6316,25.15,
5/25/26,PC-235-H1,Final plug,2.7756,25.15,
5/25/26,PC-235-H3,Final plug,2.6113,25.15,
5/25/26,PC-236-A1,Final plug,2.6673,25.15,
5/25/26,PC-236-A2,Final plug,2.6404,25.15,
5/25/26,PC-236-H1,Final plug,2.5331,25.15,
5/25/26,PC-236-H2,Final plug,2.8535,25.15,
5/25/26,PC-237-A2,Final plug,2.6753,25.15,
5/25/26,PC-237-A3,Final plug,2.8003,25.15,
5/25/26,PC-237-H2,Final plug,2.7361,25.15,
5/25/26,PC-237-H3,Final plug,2.6996,25.15,
5/25/26,PC-238-A1,Final plug,2.6144,25.15,
5/25/26,PC-238-A3,Final plug,2.744,25.15,
5/25/26,PC-238-H1,Final plug,2.6483,25.15,
5/25/26,PC-238-H3,Final plug,2.5844,25.15,
5/25/26,PC-239-A1,Final plug,2.8687,25.15,
5/25/26,PC-239-A2,Final plug,2.9831,25.15,
5/25/26,PC-239-H1,Final plug,2.8301,25.15,
5/25/26,PC-239-H2,Final plug,2.6294,25.15,
5/25/26,PC-240-A2,Final plug,2.6477,25.15,
5/25/26,PC-240-A3,Final plug,2.7664,25.15,
5/25/26,PC-240-H2,Final plug,2.5664,25.15,
5/25/26,PC-240-H3,Final plug,2.737,25.15,
5/25/26,PC-241-A1,Final plug,2.7507,25.15,
5/25/26,PC-241-A3,Final plug,2.8795,25.15,
5/25/26,PC-241-H1,Final plug,2.7883,25.15,
5/25/26,PC-241-H3,Final plug,2.6157,25.15,
5/25/26,PC-242-A1,Final plug,2.6264,25.15,
5/25/26,PC-242-A2,Final plug,2.8332,25.15,
5/25/26,PC-242-H1,Final plug,2.6381,25.15,
5/25/26,PC-243-A2,Final plug,2.7706,25.15,
5/25/26,PC-243-A3,Final plug,2.8055,25.15,
5/25/26,PC-243-H2,Final plug,2.4315,25.15,
5/25/26,PC-244-A1,Final plug,2.5305,25.15,
5/25/26,PC-244-A3,Final plug,2.5692,25.15,
5/25/26,PC-244-H1,Final plug,2.6513,25.15,
5/25/26,PC-244-H3,Final plug,2.85,25.15,
5/25/26,PC-247-A1,Final plug,2.7754,25.15,
5/25/26,PC-247-A2,Final plug,2.5706,25.15,
5/25/26,PC-247-H1,Final plug,2.425,25.15,
5/25/26,PC-247-H2,Final plug,2.7484,25.15,
5/25/26,PC-248-A2,Final plug,2.7402,25.15,
5/25/26,PC-248-A3,Final plug,2.8068,25.15,
5/25/26,PC-248-H2,Final plug,2.7747,25.15,
5/25/26,PC-248-H3,Final plug,2.4875,25.15,
5/25/26,PC-26-A1,Final plug,3.2162,25.15,
5/25/26,PC-26-A3,Final plug,2.6915,25.15,
5/25/26,PC-26-H1,Final plug,3.0193,25.15,
5/25/26,PC-26-H3,Final plug,2.972,25.15,
5/25/26,PC-27-A1,Final plug,2.8234,25.15,
5/25/26,PC-27-A2,Final plug,2.5564,25.15,
5/25/26,PC-27-H1,Final plug,2.6414,25.15,
5/25/26,PC-27-H2,Final plug,2.6476,25.15,
5/25/26,PC-28-A2,Final plug,2.4178,25.15,
5/25/26,PC-28-A3,Final plug,2.5554,25.15,
5/25/26,PC-28-H2,Final plug,2.735,25.15,
5/25/26,PC-28-H3,Final plug,2.6994,25.15,
5/25/26,PC-29-A1,Final plug,2.5327,25.15,
5/25/26,PC-29-A3,Final plug,2.6015,25.15,
5/25/26,PC-29-H1,Final plug,2.5715,25.15,
5/25/26,PC-29-H3,Final plug,2.6198,25.15,
5/25/26,PC-41-A1,Final plug,2.6735,25.15,
5/25/26,PC-41-A2,Final plug,3.0417,25.15,
5/25/26,PC-41-H1,Final plug,2.827,25.15,
5/25/26,PC-41-H2,Final plug,2.849,25.15,
5/25/26,PC-42-A2,Final plug,2.7082,25.15,
5/25/26,PC-42-A3,Final plug,3.0169,25.15,
5/25/26,PC-42-H2,Final plug,2.6044,25.15,
5/25/26,PC-42-H3,Final plug,2.7645,25.15,
5/25/26,PC-43-A1,Final plug,2.8696,25.15,
5/25/26,PC-43-A3,Final plug,2.8618,25.15,
5/25/26,PC-43-H1,Final plug,2.8852,25.15,
5/25/26,PC-43-H3,Final plug,2.9007,25.15,
5/25/26,PC-44-A2,Final plug,2.6379,25.15,
5/25/26,PC-44-H1,Final plug,3.0392,25.15,
5/25/26,PC-44-H2,Final plug,2.8953,25.15,
5/25/26,MC-19-A1-pHi,Final plug,2.8851,25.15,
5/25/26,MC-19-A3-pHi,Final plug,2.8738,25.15,
5/25/26,MC-20-A1-pHi,Final plug,3.0255,25.15,
5/25/26,MC-203-A1-pHi,Final plug,3.1237,25.15,
5/25/26,MC-206-A1-pHi,Final plug,2.8909,25.15,
5/25/26,MC-209-A1-pHi,Final plug,2.5538,25.15,
5/25/26,MC-213-A1-pHi,Final plug,2.6957,25.15,
5/25/26,MC-214-A1-pHi,Final plug,2.8628,25.15,
5/25/26,S1,Standard - Ambient,16.1069,25.15,
5/25/26,S2,Standard - Ambient,16.0961,25.15,
5/25/26,S3,Standard - Ambient,16.0791,25.15,
5/25/26,MC-221-A3-pHi,Final plug,2.414,25.15,
5/25/26,MC-213-A3-pHi,Final plug,3.0298,25.15,
5/25/26,MC-206-A3-pHi,Final plug,2.9041,25.15,
5/25/26,MC-204-A3-pHi,Final plug,3.0453,25.15,
5/25/26,MC-12-A3-pHi,Final plug,2.9365,25.15,
5/25/26,MC-20-A2-pHi,Final plug,2.5682,25.15,
5/25/26,MC-209-A2-pHi,Final plug,2.8339,25.15,
5/25/26,MC-203-A2-pHi,Final plug,2.8722,25.15,
5/25/26,MC-12-A2-pHi,Final plug,2.6313,25.15,
5/25/26,MC-204-A2-pHi,Final plug,2.9713,25.15,
5/25/26,MC-214-A2-pHi,Final plug,2.9465,25.15,
5/25/26,MC-221-A2-pHi,Final plug,3.0211,25.15,
5/25/26,MC-221-H2-pHi,Final plug,2.8359,25.15,
5/25/26,MC-209-H2-pHi,Final plug,2.5973,25.15,
5/25/26,MC-12-H2-pHi,Final plug,2.7251,25.15,
5/25/26,MC-20-H2-pHi,Final plug,2.68,25.15,
5/25/26,MC-211-H2-pHi,Final plug,2.5961,25.15,
5/25/26,MC-214-H2-pHi,Final plug,3.1331,25.15,
5/25/26,MC-204-H2-pHi,Final plug,2.8977,25.15,
5/25/26,MC-206-H3-pHi,Final plug,3.0435,25.15,
5/25/26,MC-221-H3-pHi,Final plug,3.1082,25.15,
5/25/26,MC-211-H3-pHi,Final plug,2.9081,25.15,
5/25/26,MC-12-H3-pHi,Final plug,2.9981,25.15,
5/25/26,MC-213-H3-pHi,Final plug,2.9739,25.15,
5/25/26,MC-19-H3-pHi,Final plug,2.9498,25.15,
5/25/26,MC-213-H1-pHi,Final plug,2.8996,25.15,
5/25/26,MC-206-H1-pHi,Final plug,2.9934,25.15,
5/25/26,MC-209-H1-pHi,Final plug,2.7756,25.15,
5/25/26,MC-19-H1-pHi,Final plug,2.7949,25.15,
5/25/26,MC-20-H1-pHi,Final plug,2.6207,25.15,
5/25/26,MC-214-H1-pHi,Final plug,2.9646,25.15,
5/25/26,MC-203-H1-pHi,Final plug,2.8083,25.15,
5/25/26,S1,Standard - Air,18.4876,25.15,
5/25/26,S2,Standard - Air,18.5225,25.15,
5/25/26,S3,Standard - Air,18.5199,25.15,