 ,Label,Area,Mean,StdDev,Mode,Min,Max,MinThr,MaxThr,Filename
1,Tiff files - May2025 - Copy0006.tif,8916,295.716,72.495,334,154,492,154,65535,Tiff files - May2025 - Copy0006.tif
2,tiff_images_copy0000.tif,27246,169.614,43.653,176,91,340,91,65535,tiff_images_copy0000.tif
3,tiff_images_copy0001.tif,27342,468.030,108.935,503,244,799,244,65535,tiff_images_copy0001.tif
4,tiff_images_copy0002.tif,281645,0.000,0.000,0,0,0,0,0,tiff_images_copy0002.tif
5,tiff_images_copy0003.tif,281645,0.000,0.000,0,0,0,0,0,tiff_images_copy0003.tif
6,tiff_images_copy0004.tif,27246,169.614,43.653,176,91,340,91,65535,tiff_images_copy0004.tif
7,tiff_images_copy0005.tif,27342,468.030,108.935,503,244,799,244,65535,tiff_images_copy0005.tif
8,tiff_images_copy0006.tif,33538,186.456,40.952,202,100,334,100,65535,tiff_images_copy0006.tif
9,tiff_images_copy0007.tif,32393,435.062,92.860,469,229,695,229,65535,tiff_images_copy0007.tif
10,tiff_images_copy0008.tif,281645,0.000,0.000,0,0,0,0,0,tiff_images_copy0008.tif
11,tiff_images_copy0009.tif,281645,0.000,0.000,0,0,0,0,0,tiff_images_copy0009.tif
12,tiff_images_copy0010.tif,33538,186.456,40.952,202,100,334,100,65535,tiff_images_copy0010.tif
13,tiff_images_copy0011.tif,32393,435.062,92.860,469,229,695,229,65535,tiff_images_copy0011.tif
14,tiff_images_copy0012.tif,12565,165.503,39.553,163,88,270,88,65535,tiff_images_copy0012.tif
15,tiff_images_copy0013.tif,12402,442.133,101.825,511,230,715,230,65535,tiff_images_copy0013.tif
16,tiff_images_copy0014.tif,281645,0.000,0.000,0,0,0,0,0,tiff_images_copy0014.tif
17,tiff_images_copy0015.tif,281645,0.000,0.000,0,0,0,0,0,tiff_images_copy0015.tif
18,tiff_images_copy0016.tif,12565,165.503,39.553,163,88,270,88,65535,tiff_images_copy0016.tif
19,tiff_images_copy0017.tif,12402,442.133,101.825,511,230,715,230,65535,tiff_images_copy0017.tif
20,tiff_images_copy0018.tif,12734,163.437,38.108,172,87,277,87,65535,tiff_images_copy0018.tif
21,tiff_images_copy0019.tif,12361,430.500,97.458,417,224,688,224,65535,tiff_images_copy0019.tif
22,tiff_images_copy0020.tif,281645,0.000,0.000,0,0,0,0,0,tiff_images_copy0020.tif
23,tiff_images_copy0021.tif,281645,0.000,0.000,0,0,0,0,0,tiff_images_copy0021.tif
24,tiff_images_copy0022.tif,12734,163.437,38.108,172,87,277,87,65535,tiff_images_copy0022.tif
25,tiff_images_copy0023.tif,12361,430.500,97.458,417,224,688,224,65535,tiff_images_copy0023.tif
26,tiff_images_copy0024.tif,49383,203.585,49.819,217,108,341,108,65535,tiff_images_copy0024.tif
27,tiff_images_copy0025.tif,47945,489.756,113.606,567,258,783,258,65535,tiff_images_copy0025.tif
28,tiff_images_copy0026.tif,281645,0.000,0.000,0,0,0,0,0,tiff_images_copy0026.tif
29,tiff_images_copy0027.tif,281645,0.000,0.000,0,0,0,0,0,tiff_images_copy0027.tif
30,tiff_images_copy0028.tif,49383,203.585,49.819,217,108,341,108,65535,tiff_images_copy0028.tif
31,tiff_images_copy0029.tif,47945,489.756,113.606,567,258,783,258,65535,tiff_images_copy0029.tif
32,tiff_images_copy0030.tif,49446,191.975,41.121,217,102,311,102,65535,tiff_images_copy0030.tif
33,tiff_images_copy0031.tif,48275,469.866,103.835,542,246,722,246,65535,tiff_images_copy0031.tif
34,tiff_images_copy0032.tif,281645,0.000,0.000,0,0,0,0,0,tiff_images_copy0032.tif
35,tiff_images_copy0033.tif,281645,0.000,0.000,0,0,0,0,0,tiff_images_copy0033.tif
36,tiff_images_copy0034.tif,49446,191.975,41.121,217,102,311,102,65535,tiff_images_copy0034.tif
37,tiff_images_copy0035.tif,48275,469.866,103.835,542,246,722,246,65535,tiff_images_copy0035.tif
38,tiff_images_copy0036.tif,19451,183.730,41.148,209,97,275,97,65535,tiff_images_copy0036.tif
39,tiff_images_copy0037.tif,19346,477.961,110.966,488,247,708,247,65535,tiff_images_copy0037.tif
40,tiff_images_copy0038.tif,281645,0.000,0.000,0,0,0,0,0,tiff_images_copy0038.tif
41,tiff_images_copy0039.tif,281645,0.000,0.000,0,0,0,0,0,tiff_images_copy0039.tif
42,tiff_images_copy0040.tif,19451,183.730,41.148,209,97,275,97,65535,tiff_images_copy0040.tif
43,tiff_images_copy0041.tif,19346,477.961,110.966,488,247,708,247,65535,tiff_images_copy0041.tif
44,tiff_images_copy0042.tif,19320,199.283,44.908,220,106,317,106,65535,tiff_images_copy0042.tif
45,tiff_images_copy0043.tif,18819,470.871,107.159,533,243,739,243,65535,tiff_images_copy0043.tif
46,tiff_images_copy0044.tif,281645,0.000,0.000,0,0,0,0,0,tiff_images_copy0044.tif
47,tiff_images_copy0045.tif,281645,0.000,0.000,0,0,0,0,0,tiff_images_copy0045.tif
48,tiff_images_copy0046.tif,19320,199.283,44.908,220,106,317,106,65535,tiff_images_copy0046.tif
49,tiff_images_copy0047.tif,18819,470.871,107.159,533,243,739,243,65535,tiff_images_copy0047.tif
50,tiff_images_copy0048.tif,28361,213.718,52.583,178,114,362,114,65535,tiff_images_copy0048.tif
51,tiff_images_copy0049.tif,27749,497.820,123.048,596,259,796,259,65535,tiff_images_copy0049.tif
52,tiff_images_copy0050.tif,281645,0.000,0.000,0,0,0,0,0,tiff_images_copy0050.tif
53,tiff_images_copy0051.tif,281645,0.000,0.000,0,0,0,0,0,tiff_images_copy0051.tif
54,tiff_images_copy0052.tif,28361,213.718,52.583,178,114,362,114,65535,tiff_images_copy0052.tif
55,tiff_images_copy0053.tif,27749,497.820,123.048,596,259,796,259,65535,tiff_images_copy0053.tif
56,tiff_images_copy0054.tif,28929,228.891,49.866,253,120,365,120,65535,tiff_images_copy0054.tif
57,tiff_images_copy0055.tif,28274,500.578,110.887,539,259,787,259,65535,tiff_images_copy0055.tif
58,tiff_images_copy0056.tif,281645,0.000,0.000,0,0,0,0,0,tiff_images_copy0056.tif
59,tiff_images_copy0057.tif,281645,0.000,0.000,0,0,0,0,0,tiff_images_copy0057.tif
60,tiff_images_copy0058.tif,28929,228.891,49.866,253,120,365,120,65535,tiff_images_copy0058.tif
61,tiff_images_copy0059.tif,28274,500.578,110.887,539,259,787,259,65535,tiff_images_copy0059.tif
62,tiff_images_copy0060.tif,34902,179.703,38.954,205,96,301,96,65535,tiff_images_copy0060.tif
63,tiff_images_copy0061.tif,33685,489.742,109.049,568,256,751,256,65535,tiff_images_copy0061.tif
64,tiff_images_copy0062.tif,281645,0.000,0.000,0,0,0,0,0,tiff_images_copy0062.tif
65,tiff_images_copy0063.tif,281645,0.000,0.000,0,0,0,0,0,tiff_images_copy0063.tif
66,tiff_images_copy0064.tif,34902,179.703,38.954,205,96,301,96,65535,tiff_images_copy0064.tif
67,tiff_images_copy0065.tif,33685,489.742,109.049,568,256,751,256,65535,tiff_images_copy0065.tif
68,tiff_images_copy0066.tif,32197,209.235,46.745,202,111,350,111,65535,tiff_images_copy0066.tif
69,tiff_images_copy0067.tif,32138,437.118,101.116,439,229,720,229,65535,tiff_images_copy0067.tif
70,tiff_images_copy0068.tif,281645,0.000,0.000,0,0,0,0,0,tiff_images_copy0068.tif
71,tiff_images_copy0069.tif,281645,0.000,0.000,0,0,0,0,0,tiff_images_copy0069.tif
72,tiff_images_copy0070.tif,32197,209.235,46.745,202,111,350,111,65535,tiff_images_copy0070.tif
73,tiff_images_copy0071.tif,32138,437.118,101.116,439,229,720,229,65535,tiff_images_copy0071.tif
74,tiff_images_copy0072.tif,53027,245.623,40.046,261,132,346,132,65535,tiff_images_copy0072.tif
75,tiff_images_copy0073.tif,52832,542.541,89.718,579,287,762,287,65535,tiff_images_copy0073.tif
76,tiff_images_copy0074.tif,281645,0.000,0.000,0,0,0,0,0,tiff_images_copy0074.tif
77,tiff_images_copy0075.tif,281645,0.000,0.000,0,0,0,0,0,tiff_images_copy0075.tif
78,tiff_images_copy0076.tif,53027,245.623,40.046,261,132,346,132,65535,tiff_images_copy0076.tif
79,tiff_images_copy0077.tif,52832,542.541,89.718,579,287,762,287,65535,tiff_images_copy0077.tif
80,tiff_images_copy0078.tif,44905,214.081,42.850,217,115,336,115,65535,tiff_images_copy0078.tif
81,tiff_images_copy0079.tif,44328,458.634,92.829,518,241,707,241,65535,tiff_images_copy0079.tif
82,tiff_images_copy0080.tif,281645,0.000,0.000,0,0,0,0,0,tiff_images_copy0080.tif
83,tiff_images_copy0081.tif,281645,0.000,0.000,0,0,0,0,0,tiff_images_copy0081.tif
84,tiff_images_copy0082.tif,44905,214.081,42.850,217,115,336,115,65535,tiff_images_copy0082.tif
85,tiff_images_copy0083.tif,44328,458.634,92.829,518,241,707,241,65535,tiff_images_copy0083.tif
86,tiff_images_copy0084.tif,22206,187.439,41.455,192,100,283,100,65535,tiff_images_copy0084.tif
87,tiff_images_copy0085.tif,22024,437.275,95.822,535,227,643,227,65535,tiff_images_copy0085.tif
88,tiff_images_copy0086.tif,281645,0.000,0.000,0,0,0,0,0,tiff_images_copy0086.tif
89,tiff_images_copy0087.tif,281645,0.000,0.000,0,0,0,0,0,tiff_images_copy0087.tif
90,tiff_images_copy0088.tif,22206,187.439,41.455,192,100,283,100,65535,tiff_images_copy0088.tif
91,tiff_images_copy0089.tif,22024,437.275,95.822,535,227,643,227,65535,tiff_images_copy0089.tif
92,tiff_images_copy0090.tif,26983,179.601,37.975,197,96,272,96,65535,tiff_images_copy0090.tif
93,tiff_images_copy0091.tif,26213,425.832,85.659,502,223,617,223,65535,tiff_images_copy0091.tif
94,tiff_images_copy0092.tif,281645,0.000,0.000,0,0,0,0,0,tiff_images_copy0092.tif
95,tiff_images_copy0093.tif,281645,0.000,0.000,0,0,0,0,0,tiff_images_copy0093.tif
96,tiff_images_copy0094.tif,26983,179.601,37.975,197,96,272,96,65535,tiff_images_copy0094.tif
97,tiff_images_copy0095.tif,26213,425.832,85.659,502,223,617,223,65535,tiff_images_copy0095.tif
98,tiff_images_copy0096.tif,28204,188.403,56.194,184,99,396,99,65535,tiff_images_copy0096.tif
99,tiff_images_copy0097.tif,28015,424.182,111.528,446,221,793,221,65535,tiff_images_copy0097.tif
100,tiff_images_copy0098.tif,281645,0.000,0.000,0,0,0,0,0,tiff_images_copy0098.tif
101,tiff_images_copy0099.tif,281645,0.000,0.000,0,0,0,0,0,tiff_images_copy0099.tif
102,tiff_images_copy0100.tif,28204,188.403,56.194,184,99,396,99,65535,tiff_images_copy0100.tif
103,tiff_images_copy0101.tif,28015,424.182,111.528,446,221,793,221,65535,tiff_images_copy0101.tif
104,tiff_images_copy0102.tif,27547,170.942,47.496,155,91,394,91,65535,tiff_images_copy0102.tif
105,tiff_images_copy0103.tif,27121,389.353,101.204,371,204,777,204,65535,tiff_images_copy0103.tif
106,tiff_images_copy0104.tif,281645,0.000,0.000,0,0,0,0,0,tiff_images_copy0104.tif
107,tiff_images_copy0105.tif,281645,0.000,0.000,0,0,0,0,0,tiff_images_copy0105.tif
108,tiff_images_copy0106.tif,27547,170.942,47.496,155,91,394,91,65535,tiff_images_copy0106.tif
109,tiff_images_copy0107.tif,27121,389.353,101.204,371,204,777,204,65535,tiff_images_copy0107.tif
110,tiff_images_copy0108.tif,31474,145.032,33.693,162,79,260,79,65535,tiff_images_copy0108.tif
111,tiff_images_copy0109.tif,30452,378.928,93.192,460,197,637,197,65535,tiff_images_copy0109.tif
112,tiff_images_copy0110.tif,281645,0.000,0.000,0,0,0,0,0,tiff_images_copy0110.tif
113,tiff_images_copy0111.tif,281645,0.000,0.000,0,0,0,0,0,tiff_images_copy0111.tif
114,tiff_images_copy0112.tif,31474,145.032,33.693,162,79,260,79,65535,tiff_images_copy0112.tif
115,tiff_images_copy0113.tif,30452,378.928,93.192,460,197,637,197,65535,tiff_images_copy0113.tif
116,tiff_images_copy0114.tif,32679,184.904,36.167,206,98,287,98,65535,tiff_images_copy0114.tif
117,tiff_images_copy0115.tif,32325,405.592,79.092,448,211,617,211,65535,tiff_images_copy0115.tif
118,tiff_images_copy0116.tif,281645,0.000,0.000,0,0,0,0,0,tiff_images_copy0116.tif
119,tiff_images_copy0117.tif,281645,0.000,0.000,0,0,0,0,0,tiff_images_copy0117.tif
120,tiff_images_copy0118.tif,32679,184.904,36.167,206,98,287,98,65535,tiff_images_copy0118.tif
121,tiff_images_copy0119.tif,32325,405.592,79.092,448,211,617,211,65535,tiff_images_copy0119.tif
122,tiff_images_copy0120.tif,35015,157.391,36.409,170,84,261,84,65535,tiff_images_copy0120.tif
123,tiff_images_copy0121.tif,34667,363.166,83.576,396,189,589,189,65535,tiff_images_copy0121.tif
124,tiff_images_copy0122.tif,281645,0.000,0.000,0,0,0,0,0,tiff_images_copy0122.tif
125,tiff_images_copy0123.tif,281645,0.000,0.000,0,0,0,0,0,tiff_images_copy0123.tif
126,tiff_images_copy0124.tif,35015,157.391,36.409,170,84,261,84,65535,tiff_images_copy0124.tif
127,tiff_images_copy0125.tif,34667,363.166,83.576,396,189,589,189,65535,tiff_images_copy0125.tif
128,tiff_images_copy0126.tif,27928,151.278,40.056,182,81,332,81,65535,tiff_images_copy0126.tif
129,tiff_images_copy0127.tif,26852,351.303,93.524,415,184,710,184,65535,tiff_images_copy0127.tif
130,tiff_images_copy0128.tif,281645,0.000,0.000,0,0,0,0,0,tiff_images_copy0128.tif
131,tiff_images_copy0129.tif,281645,0.000,0.000,0,0,0,0,0,tiff_images_copy0129.tif
132,tiff_images_copy0130.tif,27928,151.278,40.056,182,81,332,81,65535,tiff_images_copy0130.tif
133,tiff_images_copy0131.tif,26852,351.303,93.524,415,184,710,184,65535,tiff_images_copy0131.tif
134,tiff_images_copy0132.tif,30751,195.221,32.987,217,103,266,103,65535,tiff_images_copy0132.tif
135,tiff_images_copy0133.tif,30852,451.398,75.407,494,234,604,234,65535,tiff_images_copy0133.tif
136,tiff_images_copy0134.tif,281645,0.000,0.000,0,0,0,0,0,tiff_images_copy0134.tif
137,tiff_images_copy0135.tif,281645,0.000,0.000,0,0,0,0,0,tiff_images_copy0135.tif
138,tiff_images_copy0136.tif,30751,195.221,32.987,217,103,266,103,65535,tiff_images_copy0136.tif
139,tiff_images_copy0137.tif,30852,451.398,75.407,494,234,604,234,65535,tiff_images_copy0137.tif
140,tiff_images_copy0138.tif,29387,183.786,33.097,205,97,269,97,65535,tiff_images_copy0138.tif
141,tiff_images_copy0139.tif,29167,441.303,82.244,430,229,642,229,65535,tiff_images_copy0139.tif
142,tiff_images_copy0140.tif,281645,0.000,0.000,0,0,0,0,0,tiff_images_copy0140.tif
143,tiff_images_copy0141.tif,281645,0.000,0.000,0,0,0,0,0,tiff_images_copy0141.tif
144,tiff_images_copy0142.tif,29387,183.786,33.097,205,97,269,97,65535,tiff_images_copy0142.tif
145,tiff_images_copy0143.tif,29167,441.303,82.244,430,229,642,229,65535,tiff_images_copy0143.tif
146,tiff_images_copy0144.tif,26636,170.578,30.656,172,91,258,91,65535,tiff_images_copy0144.tif
147,tiff_images_copy0145.tif,26285,438.389,75.657,441,228,632,228,65535,tiff_images_copy0145.tif
148,tiff_images_copy0146.tif,281645,0.000,0.000,0,0,0,0,0,tiff_images_copy0146.tif
149,tiff_images_copy0147.tif,281645,0.000,0.000,0,0,0,0,0,tiff_images_copy0147.tif
150,tiff_images_copy0148.tif,26636,170.578,30.656,172,91,258,91,65535,tiff_images_copy0148.tif
151,tiff_images_copy0149.tif,26285,438.389,75.657,441,228,632,228,65535,tiff_images_copy0149.tif
152,tiff_images_copy0150.tif,21244,177.971,32.065,192,95,257,95,65535,tiff_images_copy0150.tif
153,tiff_images_copy0151.tif,21209,426.108,73.950,494,222,549,222,65535,tiff_images_copy0151.tif
154,tiff_images_copy0152.tif,281645,0.000,0.000,0,0,0,0,0,tiff_images_copy0152.tif
155,tiff_images_copy0153.tif,281645,0.000,0.000,0,0,0,0,0,tiff_images_copy0153.tif
156,tiff_images_copy0154.tif,21244,177.971,32.065,192,95,257,95,65535,tiff_images_copy0154.tif
157,tiff_images_copy0155.tif,21209,426.108,73.950,494,222,549,222,65535,tiff_images_copy0155.tif
158,tiff_images_copy0156.tif,31419,147.685,33.269,168,80,309,80,65535,tiff_images_copy0156.tif
159,tiff_images_copy0157.tif,29744,341.409,74.031,395,180,534,180,65535,tiff_images_copy0157.tif
160,tiff_images_copy0158.tif,281645,0.000,0.000,0,0,0,0,0,tiff_images_copy0158.tif
161,tiff_images_copy0159.tif,281645,0.000,0.000,0,0,0,0,0,tiff_images_copy0159.tif
162,tiff_images_copy0160.tif,31419,147.685,33.269,168,80,309,80,65535,tiff_images_copy0160.tif
163,tiff_images_copy0161.tif,29744,341.409,74.031,395,180,534,180,65535,tiff_images_copy0161.tif
164,tiff_images_copy0162.tif,22152,152.621,31.977,176,81,225,81,65535,tiff_images_copy0162.tif
165,tiff_images_copy0163.tif,21098,364.090,71.065,396,190,521,190,65535,tiff_images_copy0163.tif
166,tiff_images_copy0164.tif,281645,0.000,0.000,0,0,0,0,0,tiff_images_copy0164.tif
167,tiff_images_copy0165.tif,281645,0.000,0.000,0,0,0,0,0,tiff_images_copy0165.tif
168,tiff_images_copy0166.tif,22152,152.621,31.977,176,81,225,81,65535,tiff_images_copy0166.tif
169,tiff_images_copy0167.tif,21098,364.090,71.065,396,190,521,190,65535,tiff_images_copy0167.tif
170,tiff_images_copy0168.tif,27125,137.048,27.133,143,73,221,73,65535,tiff_images_copy0168.tif
171,tiff_images_copy0169.tif,27141,356.919,71.234,379,186,545,186,65535,tiff_images_copy0169.tif
172,tiff_images_copy0170.tif,281645,0.000,0.000,0,0,0,0,0,tiff_images_copy0170.tif
173,tiff_images_copy0171.tif,281645,0.000,0.000,0,0,0,0,0,tiff_images_copy0171.tif
174,tiff_images_copy0172.tif,27125,137.048,27.133,143,73,221,73,65535,tiff_images_copy0172.tif
175,tiff_images_copy0173.tif,27141,356.919,71.234,379,186,545,186,65535,tiff_images_copy0173.tif
176,tiff_images_copy0174.tif,23958,153.364,29.668,165,81,221,81,65535,tiff_images_copy0174.tif
177,tiff_images_copy0175.tif,24181,349.090,65.133,376,182,494,182,65535,tiff_images_copy0175.tif
178,tiff_images_copy0176.tif,281645,0.000,0.000,0,0,0,0,0,tiff_images_copy0176.tif
179,tiff_images_copy0177.tif,281645,0.000,0.000,0,0,0,0,0,tiff_images_copy0177.tif
180,tiff_images_copy0178.tif,23958,153.364,29.668,165,81,221,81,65535,tiff_images_copy0178.tif
181,tiff_images_copy0179.tif,24181,349.090,65.133,376,182,494,182,65535,tiff_images_copy0179.tif
182,tiff_images_copy0180.tif,23749,178.199,38.857,155,95,288,95,65535,tiff_images_copy0180.tif
183,tiff_images_copy0181.tif,23392,477.099,107.735,564,248,727,248,65535,tiff_images_copy0181.tif
184,tiff_images_copy0182.tif,281645,0.000,0.000,0,0,0,0,0,tiff_images_copy0182.tif
185,tiff_images_copy0183.tif,281645,0.000,0.000,0,0,0,0,0,tiff_images_copy0183.tif
186,tiff_images_copy0184.tif,23749,178.199,38.857,155,95,288,95,65535,tiff_images_copy0184.tif
187,tiff_images_copy0185.tif,23392,477.099,107.735,564,248,727,248,65535,tiff_images_copy0185.tif
188,tiff_images_copy0186.tif,26444,204.584,45.372,224,108,493,108,65535,tiff_images_copy0186.tif
189,tiff_images_copy0187.tif,24934,461.700,108.497,501,240,900,240,65535,tiff_images_copy0187.tif
190,tiff_images_copy0188.tif,281645,0.000,0.000,0,0,0,0,0,tiff_images_copy0188.tif
191,tiff_images_copy0189.tif,281645,0.000,0.000,0,0,0,0,0,tiff_images_copy0189.tif
192,tiff_images_copy0190.tif,26444,204.584,45.372,224,108,493,108,65535,tiff_images_copy0190.tif
193,tiff_images_copy0191.tif,24934,461.700,108.497,501,240,900,240,65535,tiff_images_copy0191.tif
194,tiff_images_copy0192.tif,37576,182.861,42.220,209,98,316,98,65535,tiff_images_copy0192.tif
195,tiff_images_copy0193.tif,37088,463.157,107.037,544,242,781,242,65535,tiff_images_copy0193.tif
196,tiff_images_copy0194.tif,281645,0.000,0.000,0,0,0,0,0,tiff_images_copy0194.tif
197,tiff_images_copy0195.tif,281645,0.000,0.000,0,0,0,0,0,tiff_images_copy0195.tif
198,tiff_images_copy0196.tif,37576,182.861,42.220,209,98,316,98,65535,tiff_images_copy0196.tif
199,tiff_images_copy0197.tif,37088,463.157,107.037,544,242,781,242,65535,tiff_images_copy0197.tif
200,tiff_images_copy0198.tif,34814,198.625,41.061,209,105,308,105,65535,tiff_images_copy0198.tif
201,tiff_images_copy0199.tif,34429,459.693,95.634,495,239,710,239,65535,tiff_images_copy0199.tif
202,tiff_images_copy0200.tif,281645,0.000,0.000,0,0,0,0,0,tiff_images_copy0200.tif
203,tiff_images_copy0201.tif,281645,0.000,0.000,0,0,0,0,0,tiff_images_copy0201.tif
204,tiff_images_copy0202.tif,34814,198.625,41.061,209,105,308,105,65535,tiff_images_copy0202.tif
205,tiff_images_copy0203.tif,34429,459.693,95.634,495,239,710,239,65535,tiff_images_copy0203.tif
206,tiff_images_copy0204.tif,38559,194.839,36.415,217,104,284,104,65535,tiff_images_copy0204.tif
207,tiff_images_copy0205.tif,38315,486.829,92.762,492,255,698,255,65535,tiff_images_copy0205.tif
208,tiff_images_copy0206.tif,281645,0.000,0.000,0,0,0,0,0,tiff_images_copy0206.tif
209,tiff_images_copy0207.tif,281645,0.000,0.000,0,0,0,0,0,tiff_images_copy0207.tif
210,tiff_images_copy0208.tif,38559,194.839,36.415,217,104,284,104,65535,tiff_images_copy0208.tif
211,tiff_images_copy0209.tif,38315,486.829,92.762,492,255,698,255,65535,tiff_images_copy0209.tif
212,tiff_images_copy0210.tif,37043,187.001,41.738,202,100,294,100,65535,tiff_images_copy0210.tif
213,tiff_images_copy0211.tif,35165,462.931,93.991,509,243,680,243,65535,tiff_images_copy0211.tif
214,tiff_images_copy0212.tif,281645,0.000,0.000,0,0,0,0,0,tiff_images_copy0212.tif
215,tiff_images_copy0213.tif,281645,0.000,0.000,0,0,0,0,0,tiff_images_copy0213.tif
216,tiff_images_copy0214.tif,37043,187.001,41.738,202,100,294,100,65535,tiff_images_copy0214.tif
217,tiff_images_copy0215.tif,35165,462.931,93.991,509,243,680,243,65535,tiff_images_copy0215.tif
218,tiff_images_copy0216.tif,29976,181.848,40.904,197,96,291,96,65535,tiff_images_copy0216.tif
219,tiff_images_copy0217.tif,29651,492.664,114.035,571,256,759,256,65535,tiff_images_copy0217.tif
220,tiff_images_copy0218.tif,281645,0.000,0.000,0,0,0,0,0,tiff_images_copy0218.tif
221,tiff_images_copy0219.tif,281645,0.000,0.000,0,0,0,0,0,tiff_images_copy0219.tif
222,tiff_images_copy0220.tif,29976,181.848,40.904,197,96,291,96,65535,tiff_images_copy0220.tif
223,tiff_images_copy0221.tif,29651,492.664,114.035,571,256,759,256,65535,tiff_images_copy0221.tif
224,tiff_images_copy0222.tif,30877,209.509,46.862,237,111,318,111,65535,tiff_images_copy0222.tif
225,tiff_images_copy0223.tif,30085,494.932,108.183,580,257,754,257,65535,tiff_images_copy0223.tif
226,tiff_images_copy0224.tif,281645,0.000,0.000,0,0,0,0,0,tiff_images_copy0224.tif
227,tiff_images_copy0225.tif,281645,0.000,0.000,0,0,0,0,0,tiff_images_copy0225.tif
228,tiff_images_copy0226.tif,30877,209.509,46.862,237,111,318,111,65535,tiff_images_copy0226.tif
229,tiff_images_copy0227.tif,30085,494.932,108.183,580,257,754,257,65535,tiff_images_copy0227.tif
230,tiff_images_copy0228.tif,23852,184.219,50.728,189,98,369,98,65535,tiff_images_copy0228.tif
231,tiff_images_copy0229.tif,22494,475.726,124.257,495,248,791,248,65535,tiff_images_copy0229.tif
232,tiff_images_copy0230.tif,281645,0.000,0.000,0,0,0,0,0,tiff_images_copy0230.tif
233,tiff_images_copy0231.tif,281645,0.000,0.000,0,0,0,0,0,tiff_images_copy0231.tif
234,tiff_images_copy0232.tif,23852,184.219,50.728,189,98,369,98,65535,tiff_images_copy0232.tif
235,tiff_images_copy0233.tif,22494,475.726,124.257,495,248,791,248,65535,tiff_images_copy0233.tif
236,tiff_images_copy0234.tif,25422,206.749,48.864,217,111,392,111,65535,tiff_images_copy0234.tif
237,tiff_images_copy0235.tif,24492,509.564,107.554,589,266,789,266,65535,tiff_images_copy0235.tif
238,tiff_images_copy0236.tif,281645,0.000,0.000,0,0,0,0,0,tiff_images_copy0236.tif
239,tiff_images_copy0237.tif,281645,0.000,0.000,0,0,0,0,0,tiff_images_copy0237.tif
240,tiff_images_copy0238.tif,25422,206.749,48.864,217,111,392,111,65535,tiff_images_copy0238.tif
241,tiff_images_copy0239.tif,24492,509.564,107.554,589,266,789,266,65535,tiff_images_copy0239.tif
242,tiff_images_copy0240.tif,78583,238.013,49.061,230,129,400,129,65535,tiff_images_copy0240.tif
243,tiff_images_copy0241.tif,78696,551.325,103.734,576,291,843,291,65535,tiff_images_copy0241.tif
244,tiff_images_copy0242.tif,281645,0.000,0.000,0,0,0,0,0,tiff_images_copy0242.tif
245,tiff_images_copy0243.tif,281645,0.000,0.000,0,0,0,0,0,tiff_images_copy0243.tif
246,tiff_images_copy0244.tif,78583,238.013,49.061,230,129,400,129,65535,tiff_images_copy0244.tif
247,tiff_images_copy0245.tif,78696,551.325,103.734,576,291,843,291,65535,tiff_images_copy0245.tif
248,tiff_images_copy0246.tif,69309,221.132,46.683,240,120,383,120,65535,tiff_images_copy0246.tif
249,tiff_images_copy0247.tif,68256,508.031,108.646,583,269,827,269,65535,tiff_images_copy0247.tif
250,tiff_images_copy0248.tif,281645,0.000,0.000,0,0,0,0,0,tiff_images_copy0248.tif
251,tiff_images_copy0249.tif,281645,0.000,0.000,0,0,0,0,0,tiff_images_copy0249.tif
252,tiff_images_copy0250.tif,69309,221.132,46.683,240,120,383,120,65535,tiff_images_copy0250.tif
253,tiff_images_copy0251.tif,68256,508.031,108.646,583,269,827,269,65535,tiff_images_copy0251.tif
254,tiff_images_copy0252.tif,28486,230.427,53.943,252,121,364,121,65535,tiff_images_copy0252.tif
255,tiff_images_copy0253.tif,27991,537.177,121.941,627,280,793,280,65535,tiff_images_copy0253.tif
256,tiff_images_copy0254.tif,281645,0.000,0.000,0,0,0,0,0,tiff_images_copy0254.tif
257,tiff_images_copy0255.tif,281645,0.000,0.000,0,0,0,0,0,tiff_images_copy0255.tif
258,tiff_images_copy0256.tif,28486,230.427,53.943,252,121,364,121,65535,tiff_images_copy0256.tif
259,tiff_images_copy0257.tif,27991,537.177,121.941,627,280,793,280,65535,tiff_images_copy0257.tif
260,tiff_images_copy0258.tif,26612,208.862,44.985,230,110,318,110,65535,tiff_images_copy0258.tif
261,tiff_images_copy0259.tif,26292,489.472,107.313,571,255,755,255,65535,tiff_images_copy0259.tif
262,tiff_images_copy0260.tif,281645,0.000,0.000,0,0,0,0,0,tiff_images_copy0260.tif
263,tiff_images_copy0261.tif,281645,0.000,0.000,0,0,0,0,0,tiff_images_copy0261.tif
264,tiff_images_copy0262.tif,26612,208.862,44.985,230,110,318,110,65535,tiff_images_copy0262.tif
265,tiff_images_copy0263.tif,26292,489.472,107.313,571,255,755,255,65535,tiff_images_copy0263.tif
266,tiff_images_copy0264.tif,40390,230.468,45.005,252,122,341,122,65535,tiff_images_copy0264.tif
267,tiff_images_copy0265.tif,39996,548.400,106.108,616,285,825,285,65535,tiff_images_copy0265.tif
268,tiff_images_copy0266.tif,281645,0.000,0.000,0,0,0,0,0,tiff_images_copy0266.tif
269,tiff_images_copy0267.tif,281645,0.000,0.000,0,0,0,0,0,tiff_images_copy0267.tif
270,tiff_images_copy0268.tif,40390,230.468,45.005,252,122,341,122,65535,tiff_images_copy0268.tif
271,tiff_images_copy0269.tif,39996,548.400,106.108,616,285,825,285,65535,tiff_images_copy0269.tif
272,tiff_images_copy0270.tif,40261,222.133,43.877,250,118,334,118,65535,tiff_images_copy0270.tif
273,tiff_images_copy0271.tif,39729,535.577,109.833,604,280,785,280,65535,tiff_images_copy0271.tif
274,tiff_images_copy0272.tif,281645,0.000,0.000,0,0,0,0,0,tiff_images_copy0272.tif
275,tiff_images_copy0273.tif,281645,0.000,0.000,0,0,0,0,0,tiff_images_copy0273.tif
276,tiff_images_copy0274.tif,40261,222.133,43.877,250,118,334,118,65535,tiff_images_copy0274.tif
277,tiff_images_copy0275.tif,39729,535.577,109.833,604,280,785,280,65535,tiff_images_copy0275.tif
278,tiff_images_copy0276.tif,30100,207.157,43.277,226,110,330,110,65535,tiff_images_copy0276.tif
279,tiff_images_copy0277.tif,29847,538.357,111.080,592,281,813,281,65535,tiff_images_copy0277.tif
280,tiff_images_copy0278.tif,281645,0.000,0.000,0,0,0,0,0,tiff_images_copy0278.tif
281,tiff_images_copy0279.tif,281645,0.000,0.000,0,0,0,0,0,tiff_images_copy0279.tif
282,tiff_images_copy0280.tif,30100,207.157,43.277,226,110,330,110,65535,tiff_images_copy0280.tif
283,tiff_images_copy0281.tif,29847,538.357,111.080,592,281,813,281,65535,tiff_images_copy0281.tif
284,tiff_images_copy0282.tif,22329,258.092,52.779,262,136,435,136,65535,tiff_images_copy0282.tif
285,tiff_images_copy0283.tif,22194,565.716,118.992,615,295,966,295,65535,tiff_images_copy0283.tif
286,tiff_images_copy0284.tif,281645,0.000,0.000,0,0,0,0,0,tiff_images_copy0284.tif
287,tiff_images_copy0285.tif,281645,0.000,0.000,0,0,0,0,0,tiff_images_copy0285.tif
288,tiff_images_copy0286.tif,22329,258.092,52.779,262,136,435,136,65535,tiff_images_copy0286.tif
289,tiff_images_copy0287.tif,22194,565.716,118.992,615,295,966,295,65535,tiff_images_copy0287.tif
290,tiff_images_copy0288.tif,21581,200.047,49.548,178,106,359,106,65535,tiff_images_copy0288.tif
291,tiff_images_copy0289.tif,21410,466.737,107.162,436,244,750,244,65535,tiff_images_copy0289.tif
292,tiff_images_copy0290.tif,281645,0.000,0.000,0,0,0,0,0,tiff_images_copy0290.tif
293,tiff_images_copy0291.tif,281645,0.000,0.000,0,0,0,0,0,tiff_images_copy0291.tif
294,tiff_images_copy0292.tif,21581,200.047,49.548,178,106,359,106,65535,tiff_images_copy0292.tif
295,tiff_images_copy0293.tif,21410,466.737,107.162,436,244,750,244,65535,tiff_images_copy0293.tif
296,tiff_images_copy0294.tif,29311,214.108,49.547,210,114,394,114,65535,tiff_images_copy0294.tif
297,tiff_images_copy0295.tif,27979,466.283,106.488,513,246,794,246,65535,tiff_images_copy0295.tif
298,tiff_images_copy0296.tif,281645,0.000,0.000,0,0,0,0,0,tiff_images_copy0296.tif
299,tiff_images_copy0297.tif,281645,0.000,0.000,0,0,0,0,0,tiff_images_copy0297.tif
300,tiff_images_copy0298.tif,29311,214.108,49.547,210,114,394,114,65535,tiff_images_copy0298.tif
301,tiff_images_copy0299.tif,27979,466.283,106.488,513,246,794,246,65535,tiff_images_copy0299.tif
302,tiff_images_copy0300.tif,17889,174.496,30.765,197,92,234,92,65535,tiff_images_copy0300.tif
303,tiff_images_copy0301.tif,18030,431.477,75.013,486,223,579,223,65535,tiff_images_copy0301.tif
304,tiff_images_copy0302.tif,281645,0.000,0.000,0,0,0,0,0,tiff_images_copy0302.tif
305,tiff_images_copy0303.tif,281645,0.000,0.000,0,0,0,0,0,tiff_images_copy0303.tif
306,tiff_images_copy0304.tif,17889,174.496,30.765,197,92,234,92,65535,tiff_images_copy0304.tif
307,tiff_images_copy0305.tif,18030,431.477,75.013,486,223,579,223,65535,tiff_images_copy0305.tif
308,tiff_images_copy0306.tif,17361,165.296,34.131,194,88,235,88,65535,tiff_images_copy0306.tif
309,tiff_images_copy0307.tif,16916,401.592,84.028,456,209,556,209,65535,tiff_images_copy0307.tif
310,tiff_images_copy0308.tif,281645,0.000,0.000,0,0,0,0,0,tiff_images_copy0308.tif
311,tiff_images_copy0309.tif,281645,0.000,0.000,0,0,0,0,0,tiff_images_copy0309.tif
312,tiff_images_copy0310.tif,17361,165.296,34.131,194,88,235,88,65535,tiff_images_copy0310.tif
313,tiff_images_copy0311.tif,16916,401.592,84.028,456,209,556,209,65535,tiff_images_copy0311.tif
314,tiff_images_copy0312.tif,17367,215.822,57.431,210,114,448,114,65535,tiff_images_copy0312.tif
315,tiff_images_copy0313.tif,17137,474.715,120.569,463,246,966,246,65535,tiff_images_copy0313.tif
316,tiff_images_copy0314.tif,281645,0.000,0.000,0,0,0,0,0,tiff_images_copy0314.tif
317,tiff_images_copy0315.tif,281645,0.000,0.000,0,0,0,0,0,tiff_images_copy0315.tif
318,tiff_images_copy0316.tif,17367,215.822,57.431,210,114,448,114,65535,tiff_images_copy0316.tif
319,tiff_images_copy0317.tif,17137,474.715,120.569,463,246,966,246,65535,tiff_images_copy0317.tif
320,tiff_images_copy0318.tif,16996,216.665,53.208,244,114,384,114,65535,tiff_images_copy0318.tif
321,tiff_images_copy0319.tif,16725,409.540,105.407,427,213,734,213,65535,tiff_images_copy0319.tif
322,tiff_images_copy0320.tif,281645,0.000,0.000,0,0,0,0,0,tiff_images_copy0320.tif
323,tiff_images_copy0321.tif,281645,0.000,0.000,0,0,0,0,0,tiff_images_copy0321.tif
324,tiff_images_copy0322.tif,16996,216.665,53.208,244,114,384,114,65535,tiff_images_copy0322.tif
325,tiff_images_copy0323.tif,16725,409.540,105.407,427,213,734,213,65535,tiff_images_copy0323.tif
326,tiff_images_copy0324.tif,26531,144.296,41.127,165,78,343,78,65535,tiff_images_copy0324.tif
327,tiff_images_copy0325.tif,26602,388.251,106.946,469,202,845,202,65535,tiff_images_copy0325.tif
328,tiff_images_copy0326.tif,281645,0.000,0.000,0,0,0,0,0,tiff_images_copy0326.tif
329,tiff_images_copy0327.tif,281645,0.000,0.000,0,0,0,0,0,tiff_images_copy0327.tif
330,tiff_images_copy0328.tif,26531,144.296,41.127,165,78,343,78,65535,tiff_images_copy0328.tif
331,tiff_images_copy0329.tif,26602,388.251,106.946,469,202,845,202,65535,tiff_images_copy0329.tif
332,tiff_images_copy0330.tif,26880,174.871,31.934,184,94,304,94,65535,tiff_images_copy0330.tif
333,tiff_images_copy0331.tif,26381,416.501,73.781,449,218,669,218,65535,tiff_images_copy0331.tif
334,tiff_images_copy0332.tif,281645,0.000,0.000,0,0,0,0,0,tiff_images_copy0332.tif
335,tiff_images_copy0333.tif,281645,0.000,0.000,0,0,0,0,0,tiff_images_copy0333.tif
336,tiff_images_copy0334.tif,26880,174.871,31.934,184,94,304,94,65535,tiff_images_copy0334.tif
337,tiff_images_copy0335.tif,26381,416.501,73.781,449,218,669,218,65535,tiff_images_copy0335.tif
338,tiff_images_copy0336.tif,14727,147.281,36.155,155,79,297,79,65535,tiff_images_copy0336.tif
339,tiff_images_copy0337.tif,14781,372.448,86.744,439,195,662,195,65535,tiff_images_copy0337.tif
340,tiff_images_copy0338.tif,281645,0.000,0.000,0,0,0,0,0,tiff_images_copy0338.tif
341,tiff_images_copy0339.tif,281645,0.000,0.000,0,0,0,0,0,tiff_images_copy0339.tif
342,tiff_images_copy0340.tif,14727,147.281,36.155,155,79,297,79,65535,tiff_images_copy0340.tif
343,tiff_images_copy0341.tif,14781,372.448,86.744,439,195,662,195,65535,tiff_images_copy0341.tif
344,tiff_images_copy0342.tif,19869,186.513,49.294,196,100,579,100,65535,tiff_images_copy0342.tif
345,tiff_images_copy0343.tif,19628,394.064,103.158,445,206,1092,206,65535,tiff_images_copy0343.tif
346,tiff_images_copy0344.tif,281645,0.000,0.000,0,0,0,0,0,tiff_images_copy0344.tif
347,tiff_images_copy0345.tif,281645,0.000,0.000,0,0,0,0,0,tiff_images_copy0345.tif
348,tiff_images_copy0346.tif,19869,186.513,49.294,196,100,579,100,65535,tiff_images_copy0346.tif
349,tiff_images_copy0347.tif,19628,394.064,103.158,445,206,1092,206,65535,tiff_images_copy0347.tif
350,tiff_images_copy0348.tif,17650,131.010,23.845,143,70,189,70,65535,tiff_images_copy0348.tif
351,tiff_images_copy0349.tif,17325,357.433,65.338,396,186,522,186,65535,tiff_images_copy0349.tif
352,tiff_images_copy0350.tif,281645,0.000,0.000,0,0,0,0,0,tiff_images_copy0350.tif
353,tiff_images_copy0351.tif,281645,0.000,0.000,0,0,0,0,0,tiff_images_copy0351.tif
354,tiff_images_copy0352.tif,17650,131.010,23.845,143,70,189,70,65535,tiff_images_copy0352.tif
355,tiff_images_copy0353.tif,17325,357.433,65.338,396,186,522,186,65535,tiff_images_copy0353.tif
356,tiff_images_copy0354.tif,14437,142.273,29.581,144,76,220,76,65535,tiff_images_copy0354.tif
357,tiff_images_copy0355.tif,13884,326.005,62.826,333,170,498,170,65535,tiff_images_copy0355.tif
358,tiff_images_copy0356.tif,281645,0.000,0.000,0,0,0,0,0,tiff_images_copy0356.tif
359,tiff_images_copy0357.tif,281645,0.000,0.000,0,0,0,0,0,tiff_images_copy0357.tif
360,tiff_images_copy0358.tif,14437,142.273,29.581,144,76,220,76,65535,tiff_images_copy0358.tif
361,tiff_images_copy0359.tif,13884,326.005,62.826,333,170,498,170,65535,tiff_images_copy0359.tif
362,tiff_images_copy0360.tif,31291,221.206,45.945,234,118,341,118,65535,tiff_images_copy0360.tif
363,tiff_images_copy0361.tif,31503,565.024,108.745,638,295,809,295,65535,tiff_images_copy0361.tif
364,tiff_images_copy0362.tif,281645,0.000,0.000,0,0,0,0,0,tiff_images_copy0362.tif
365,tiff_images_copy0363.tif,281645,0.000,0.000,0,0,0,0,0,tiff_images_copy0363.tif
366,tiff_images_copy0364.tif,31291,221.206,45.945,234,118,341,118,65535,tiff_images_copy0364.tif
367,tiff_images_copy0365.tif,31503,565.024,108.745,638,295,809,295,65535,tiff_images_copy0365.tif
368,tiff_images_copy0366.tif,35547,273.339,94.472,206,146,629,146,65535,tiff_images_copy0366.tif
369,tiff_images_copy0367.tif,35527,560.418,164.831,486,295,1195,295,65535,tiff_images_copy0367.tif
370,tiff_images_copy0368.tif,281645,0.000,0.000,0,0,0,0,0,tiff_images_copy0368.tif
371,tiff_images_copy0369.tif,281645,0.000,0.000,0,0,0,0,0,tiff_images_copy0369.tif
372,tiff_images_copy0370.tif,35547,273.339,94.472,206,146,629,146,65535,tiff_images_copy0370.tif
373,tiff_images_copy0371.tif,35527,560.418,164.831,486,295,1195,295,65535,tiff_images_copy0371.tif
374,tiff_images_copy0372.tif,59502,164.103,30.258,165,90,283,90,65535,tiff_images_copy0372.tif
375,tiff_images_copy0373.tif,58846,434.391,73.550,455,230,660,230,65535,tiff_images_copy0373.tif
376,tiff_images_copy0374.tif,281645,0.000,0.000,0,0,0,0,0,tiff_images_copy0374.tif
377,tiff_images_copy0375.tif,281645,0.000,0.000,0,0,0,0,0,tiff_images_copy0375.tif
378,tiff_images_copy0376.tif,59502,164.103,30.258,165,90,283,90,65535,tiff_images_copy0376.tif
379,tiff_images_copy0377.tif,58846,434.391,73.550,455,230,660,230,65535,tiff_images_copy0377.tif
380,tiff_images_copy0378.tif,49022,205.949,56.077,184,113,456,113,65535,tiff_images_copy0378.tif
381,tiff_images_copy0379.tif,48560,487.084,130.194,488,260,1088,260,65535,tiff_images_copy0379.tif
382,tiff_images_copy0380.tif,281645,0.000,0.000,0,0,0,0,0,tiff_images_copy0380.tif
383,tiff_images_copy0381.tif,281645,0.000,0.000,0,0,0,0,0,tiff_images_copy0381.tif
384,tiff_images_copy0382.tif,49022,205.949,56.077,184,113,456,113,65535,tiff_images_copy0382.tif
385,tiff_images_copy0383.tif,48560,487.084,130.194,488,260,1088,260,65535,tiff_images_copy0383.tif
386,tiff_images_copy0384.tif,37298,164.580,42.724,191,88,336,88,65535,tiff_images_copy0384.tif
387,tiff_images_copy0385.tif,37026,391.106,102.738,317,206,740,206,65535,tiff_images_copy0385.tif
388,tiff_images_copy0386.tif,281645,0.000,0.000,0,0,0,0,0,tiff_images_copy0386.tif
389,tiff_images_copy0387.tif,281645,0.000,0.000,0,0,0,0,0,tiff_images_copy0387.tif
390,tiff_images_copy0388.tif,37298,164.580,42.724,191,88,336,88,65535,tiff_images_copy0388.tif
391,tiff_images_copy0389.tif,37026,391.106,102.738,317,206,740,206,65535,tiff_images_copy0389.tif
392,tiff_images_copy0390.tif,32292,168.863,38.484,184,90,276,90,65535,tiff_images_copy0390.tif
393,tiff_images_copy0391.tif,30755,393.204,90.870,459,207,628,207,65535,tiff_images_copy0391.tif
394,tiff_images_copy0392.tif,281645,0.000,0.000,0,0,0,0,0,tiff_images_copy0392.tif
395,tiff_images_copy0393.tif,281645,0.000,0.000,0,0,0,0,0,tiff_images_copy0393.tif
396,tiff_images_copy0394.tif,32292,168.863,38.484,184,90,276,90,65535,tiff_images_copy0394.tif
397,tiff_images_copy0395.tif,30755,393.204,90.870,459,207,628,207,65535,tiff_images_copy0395.tif
398,tiff_images_copy0396.tif,12057,138.521,27.455,156,75,194,75,65535,tiff_images_copy0396.tif
399,tiff_images_copy0397.tif,12166,396.138,77.795,444,206,542,206,65535,tiff_images_copy0397.tif
400,tiff_images_copy0398.tif,281645,0.000,0.000,0,0,0,0,0,tiff_images_copy0398.tif
401,tiff_images_copy0399.tif,281645,0.000,0.000,0,0,0,0,0,tiff_images_copy0399.tif
402,tiff_images_copy0400.tif,12057,138.521,27.455,156,75,194,75,65535,tiff_images_copy0400.tif
403,tiff_images_copy0401.tif,12166,396.138,77.795,444,206,542,206,65535,tiff_images_copy0401.tif
404,tiff_images_copy0402.tif,17859,141.155,30.021,138,76,224,76,65535,tiff_images_copy0402.tif
405,tiff_images_copy0403.tif,17196,355.028,78.335,429,185,550,185,65535,tiff_images_copy0403.tif
406,tiff_images_copy0404.tif,281645,0.000,0.000,0,0,0,0,0,tiff_images_copy0404.tif
407,tiff_images_copy0405.tif,281645,0.000,0.000,0,0,0,0,0,tiff_images_copy0405.tif
408,tiff_images_copy0406.tif,17859,141.155,30.021,138,76,224,76,65535,tiff_images_copy0406.tif
409,tiff_images_copy0407.tif,17196,355.028,78.335,429,185,550,185,65535,tiff_images_copy0407.tif
410,tiff_images_copy0408.tif,43470,163.007,29.351,176,87,352,87,65535,tiff_images_copy0408.tif
411,tiff_images_copy0409.tif,43033,416.385,73.590,458,217,701,217,65535,tiff_images_copy0409.tif
412,tiff_images_copy0410.tif,281645,0.000,0.000,0,0,0,0,0,tiff_images_copy0410.tif
413,tiff_images_copy0411.tif,281645,0.000,0.000,0,0,0,0,0,tiff_images_copy0411.tif
414,tiff_images_copy0412.tif,43470,163.007,29.351,176,87,352,87,65535,tiff_images_copy0412.tif
415,tiff_images_copy0413.tif,43033,416.385,73.590,458,217,701,217,65535,tiff_images_copy0413.tif
416,tiff_images_copy0414.tif,39511,183.707,35.412,210,99,271,99,65535,tiff_images_copy0414.tif
417,tiff_images_copy0415.tif,39066,417.020,75.231,469,219,581,219,65535,tiff_images_copy0415.tif
418,tiff_images_copy0416.tif,281645,0.000,0.000,0,0,0,0,0,tiff_images_copy0416.tif
419,tiff_images_copy0417.tif,281645,0.000,0.000,0,0,0,0,0,tiff_images_copy0417.tif
420,tiff_images_copy0418.tif,39511,183.707,35.412,210,99,271,99,65535,tiff_images_copy0418.tif
421,tiff_images_copy0419.tif,39066,417.020,75.231,469,219,581,219,65535,tiff_images_copy0419.tif
422,tiff_images_copy0420.tif,40437,138.097,27.399,151,74,233,74,65535,tiff_images_copy0420.tif
423,tiff_images_copy0421.tif,38835,379.084,67.603,414,200,586,200,65535,tiff_images_copy0421.tif
424,tiff_images_copy0422.tif,281645,0.000,0.000,0,0,0,0,0,tiff_images_copy0422.tif
425,tiff_images_copy0423.tif,281645,0.000,0.000,0,0,0,0,0,tiff_images_copy0423.tif
426,tiff_images_copy0424.tif,40437,138.097,27.399,151,74,233,74,65535,tiff_images_copy0424.tif
427,tiff_images_copy0425.tif,38835,379.084,67.603,414,200,586,200,65535,tiff_images_copy0425.tif
428,tiff_images_copy0426.tif,34498,157.485,31.572,165,85,314,85,65535,tiff_images_copy0426.tif
429,tiff_images_copy0427.tif,31737,351.054,70.797,396,184,560,184,65535,tiff_images_copy0427.tif
430,tiff_images_copy0428.tif,281645,0.000,0.000,0,0,0,0,0,tiff_images_copy0428.tif
431,tiff_images_copy0429.tif,281645,0.000,0.000,0,0,0,0,0,tiff_images_copy0429.tif
432,tiff_images_copy0430.tif,34498,157.485,31.572,165,85,314,85,65535,tiff_images_copy0430.tif
433,tiff_images_copy0431.tif,31737,351.054,70.797,396,184,560,184,65535,tiff_images_copy0431.tif
434,tiff_images_copy0432.tif,26014,132.204,27.582,135,71,314,71,65535,tiff_images_copy0432.tif
435,tiff_images_copy0433.tif,26145,340.094,68.804,385,177,654,177,65535,tiff_images_copy0433.tif
436,tiff_images_copy0434.tif,281645,0.000,0.000,0,0,0,0,0,tiff_images_copy0434.tif
437,tiff_images_copy0435.tif,281645,0.000,0.000,0,0,0,0,0,tiff_images_copy0435.tif
438,tiff_images_copy0436.tif,26014,132.204,27.582,135,71,314,71,65535,tiff_images_copy0436.tif
439,tiff_images_copy0437.tif,26145,340.094,68.804,385,177,654,177,65535,tiff_images_copy0437.tif
440,tiff_images_copy0438.tif,31154,143.128,31.551,155,77,241,77,65535,tiff_images_copy0438.tif
441,tiff_images_copy0439.tif,30433,315.421,80.208,289,164,559,164,65535,tiff_images_copy0439.tif
442,tiff_images_copy0440.tif,281645,0.000,0.000,0,0,0,0,0,tiff_images_copy0440.tif
443,tiff_images_copy0441.tif,281645,0.000,0.000,0,0,0,0,0,tiff_images_copy0441.tif
444,tiff_images_copy0442.tif,31154,143.128,31.551,155,77,241,77,65535,tiff_images_copy0442.tif
445,tiff_images_copy0443.tif,30433,315.421,80.208,289,164,559,164,65535,tiff_images_copy0443.tif
446,tiff_images_copy0444.tif,28556,148.306,31.230,170,79,226,79,65535,tiff_images_copy0444.tif
447,tiff_images_copy0445.tif,27417,357.730,75.181,415,187,531,187,65535,tiff_images_copy0445.tif
448,tiff_images_copy0446.tif,281645,0.000,0.000,0,0,0,0,0,tiff_images_copy0446.tif
449,tiff_images_copy0447.tif,281645,0.000,0.000,0,0,0,0,0,tiff_images_copy0447.tif
450,tiff_images_copy0448.tif,28556,148.306,31.230,170,79,226,79,65535,tiff_images_copy0448.tif
451,tiff_images_copy0449.tif,27417,357.730,75.181,415,187,531,187,65535,tiff_images_copy0449.tif
452,tiff_images_copy0450.tif,29872,195.606,77.383,171,105,894,105,65535,tiff_images_copy0450.tif
453,tiff_images_copy0451.tif,30704,391.791,109.735,416,205,1067,205,65535,tiff_images_copy0451.tif
454,tiff_images_copy0452.tif,281645,0.000,0.000,0,0,0,0,0,tiff_images_copy0452.tif
455,tiff_images_copy0453.tif,281645,0.000,0.000,0,0,0,0,0,tiff_images_copy0453.tif
456,tiff_images_copy0454.tif,29872,195.606,77.383,171,105,894,105,65535,tiff_images_copy0454.tif
457,tiff_images_copy0455.tif,30704,391.791,109.735,416,205,1067,205,65535,tiff_images_copy0455.tif
458,tiff_images_copy0456.tif,22942,127.601,21.270,132,69,188,69,65535,tiff_images_copy0456.tif
459,tiff_images_copy0457.tif,22835,367.420,61.547,396,191,514,191,65535,tiff_images_copy0457.tif
460,tiff_images_copy0458.tif,281645,0.000,0.000,0,0,0,0,0,tiff_images_copy0458.tif
461,tiff_images_copy0459.tif,281645,0.000,0.000,0,0,0,0,0,tiff_images_copy0459.tif
462,tiff_images_copy0460.tif,22942,127.601,21.270,132,69,188,69,65535,tiff_images_copy0460.tif
463,tiff_images_copy0461.tif,22835,367.420,61.547,396,191,514,191,65535,tiff_images_copy0461.tif
464,tiff_images_copy0462.tif,27189,146.092,26.376,153,78,217,78,65535,tiff_images_copy0462.tif
465,tiff_images_copy0463.tif,26374,350.342,60.430,385,184,488,184,65535,tiff_images_copy0463.tif
466,tiff_images_copy0464.tif,281645,0.000,0.000,0,0,0,0,0,tiff_images_copy0464.tif
467,tiff_images_copy0465.tif,281645,0.000,0.000,0,0,0,0,0,tiff_images_copy0465.tif
468,tiff_images_copy0466.tif,27189,146.092,26.376,153,78,217,78,65535,tiff_images_copy0466.tif
469,tiff_images_copy0467.tif,26374,350.342,60.430,385,184,488,184,65535,tiff_images_copy0467.tif
470,tiff_images_copy0468.tif,28008,156.969,37.681,160,84,341,84,65535,tiff_images_copy0468.tif
471,tiff_images_copy0469.tif,27884,399.084,87.635,424,210,811,210,65535,tiff_images_copy0469.tif
472,tiff_images_copy0470.tif,281645,0.000,0.000,0,0,0,0,0,tiff_images_copy0470.tif
473,tiff_images_copy0471.tif,281645,0.000,0.000,0,0,0,0,0,tiff_images_copy0471.tif
474,tiff_images_copy0472.tif,28008,156.969,37.681,160,84,341,84,65535,tiff_images_copy0472.tif
475,tiff_images_copy0473.tif,27884,399.084,87.635,424,210,811,210,65535,tiff_images_copy0473.tif
476,tiff_images_copy0474.tif,24578,207.728,94.671,184,110,595,110,65535,tiff_images_copy0474.tif
477,tiff_images_copy0475.tif,25117,433.979,153.193,422,228,1095,228,65535,tiff_images_copy0475.tif
478,tiff_images_copy0476.tif,281645,0.000,0.000,0,0,0,0,0,tiff_images_copy0476.tif
479,tiff_images_copy0477.tif,281645,0.000,0.000,0,0,0,0,0,tiff_images_copy0477.tif
480,tiff_images_copy0478.tif,24578,207.728,94.671,184,110,595,110,65535,tiff_images_copy0478.tif
481,tiff_images_copy0479.tif,25117,433.979,153.193,422,228,1095,228,65535,tiff_images_copy0479.tif
482,tiff_images_copy0480.tif,28785,165.962,33.963,191,88,252,88,65535,tiff_images_copy0480.tif
483,tiff_images_copy0481.tif,28975,394.887,80.686,432,205,594,205,65535,tiff_images_copy0481.tif
484,tiff_images_copy0482.tif,281645,0.000,0.000,0,0,0,0,0,tiff_images_copy0482.tif
485,tiff_images_copy0483.tif,281645,0.000,0.000,0,0,0,0,0,tiff_images_copy0483.tif
486,tiff_images_copy0484.tif,28785,165.962,33.963,191,88,252,88,65535,tiff_images_copy0484.tif
487,tiff_images_copy0485.tif,28975,394.887,80.686,432,205,594,205,65535,tiff_images_copy0485.tif
488,tiff_images_copy0486.tif,30720,159.617,35.541,154,86,248,86,65535,tiff_images_copy0486.tif
489,tiff_images_copy0487.tif,29021,376.932,83.651,450,198,561,198,65535,tiff_images_copy0487.tif
490,tiff_images_copy0488.tif,281645,0.000,0.000,0,0,0,0,0,tiff_images_copy0488.tif
491,tiff_images_copy0489.tif,281645,0.000,0.000,0,0,0,0,0,tiff_images_copy0489.tif
492,tiff_images_copy0490.tif,30720,159.617,35.541,154,86,248,86,65535,tiff_images_copy0490.tif
493,tiff_images_copy0491.tif,29021,376.932,83.651,450,198,561,198,65535,tiff_images_copy0491.tif
494,tiff_images_copy0492.tif,13406,409.720,112.383,508,213,669,213,65535,tiff_images_copy0492.tif
495,tiff_images_copy0493.tif,14193,781.514,239.269,432,401,1362,401,65535,tiff_images_copy0493.tif
496,tiff_images_copy0494.tif,281645,0.000,0.000,0,0,0,0,0,tiff_images_copy0494.tif
497,tiff_images_copy0495.tif,281645,0.000,0.000,0,0,0,0,0,tiff_images_copy0495.tif
498,tiff_images_copy0496.tif,13406,409.720,112.383,508,213,669,213,65535,tiff_images_copy0496.tif
499,tiff_images_copy0497.tif,14193,781.514,239.269,432,401,1362,401,65535,tiff_images_copy0497.tif
500,tiff_images_copy0498.tif,17669,195.117,57.790,125,104,337,104,65535,tiff_images_copy0498.tif
501,tiff_images_copy0499.tif,17540,441.673,122.237,502,229,703,229,65535,tiff_images_copy0499.tif
502,tiff_images_copy0500.tif,281645,0.000,0.000,0,0,0,0,0,tiff_images_copy0500.tif
503,tiff_images_copy0501.tif,281645,0.000,0.000,0,0,0,0,0,tiff_images_copy0501.tif
504,tiff_images_copy0502.tif,17669,195.117,57.790,125,104,337,104,65535,tiff_images_copy0502.tif
505,tiff_images_copy0503.tif,17540,441.673,122.237,502,229,703,229,65535,tiff_images_copy0503.tif
